sample_id,z,y
1581243,0,14.713543884202045
1024317,0,5.677568317405321
2876111,0,13.275756304826674
3276296,0,20.603922397807157
2550730,0,-7.722705097182562
549797,0,14.172448253089012
1012907,0,-0.8591520050481007
3232822,0,21.3117421155261
2676762,0,97.80487180583387
713839,0,6.544961014534086
1193984,1,67.61676007957476
3807675,0,-0.9240639446642829
2673344,1,-29.199055616215425
381961,1,386.0686466116947
1522128,0,21.028472384718878
480718,0,-21.22311483936768
3195072,0,-41.98057057946261
251190,0,22.562848718306803
2156734,0,21.364825969824928
905608,0,12.837393447189372
748321,0,8.913794140534115
1877628,0,20.44787520229626
2728974,0,5.006614056113385
3428812,0,11.401633781072723
2866863,0,-0.6784978467669224
834974,0,204.3597404630197
2113521,0,26.266854839378443
3727468,0,12.720155123637491
590269,1,95.25830530217235
3299050,0,11.240423609231037
3406156,0,11.355566456951967
1061745,0,6.8215742194608096
3409386,0,41.67981115537207
3954869,1,5.222898578098135
3148745,0,58.3491808010759
2897858,0,3.1895933508032197
1824163,1,5.202653776340222
1106085,0,7.807985087002972
2874036,0,36.09317997362512
2179672,0,12.865408192949618
1118373,0,21.293264527205245
634380,0,35.06124772020417
1490085,0,-1.0230575979582013
587446,0,77.59114192591393
1383560,0,34.76487769340006
1216472,0,21.418128774441644
3926611,0,-41.99466474494421
374697,0,7.351288056510877
1990804,0,12.729696701195124
2673483,0,6.15652565660601
2513081,0,27.351216443249747
3022852,1,50.84607865910367
3739903,1,230.09453250979766
1954733,1,31.618628495583703
413163,0,11.62754059406552
2935005,0,13.290120347823795
753347,0,89.80300444439695
3000847,1,14.04597135569053
3673972,0,12.675347763086942
678947,0,5.9659805342115275
618666,0,127.17447796169576
810571,1,-216.1986973991866
2671714,0,8.313938439285094
3739541,0,2.437869039664314
556289,1,2059.373522619094
3007598,0,21.071166294609476
207842,1,95.21242684785257
749134,1,14.176613158259704
1377638,0,14.138848932767226
2249912,0,73.49458620076068
3800486,0,1.852990467623727
356105,0,-8.02548987378898
949235,0,20.796105938449003
1000404,0,12.85872519663389
2024718,0,-36.085082207019546
3543650,0,30.44091479780109
1073665,0,-0.810942117637593
3497909,0,12.844039247700916
1822261,0,35.621962328775425
840587,0,27.22970744468742
1728282,0,38.747594681809396
2465426,1,27.90955133635419
3764184,0,-30.936906835324915
3022428,0,1.536763881322889
2779355,0,39.38305959401792
1170042,0,145.11745315106268
1376315,0,4.571989490819283
1104226,0,12.723037318821545
1903071,0,20.463713985116062
587288,0,-12.598847552843088
1766386,0,-10.95188497071834
2000020,0,-1.1438677169347218
2414512,1,45.68685837545678
2745497,0,14.89643397423942
3769761,1,2265.795207810688
759513,0,13.047878970964618
1954745,1,11.64289940464973
1449869,0,-1.2990406639467784
1203889,0,14.742857949242874
1266444,0,14.15550387560004
3938981,1,2259.4297290920526
931119,0,149.98558291282694
1676015,1,37.02131894640381
2051840,0,21.894216925632538
2427572,0,76.96673227434736
2941712,0,38.96538642723201
431898,0,4.387085936995302
3176448,0,0.6843935673790129
1579969,0,32.226377551233966
1334267,0,70.88543654861707
1315758,0,1.7369216190444536
2989302,1,5.897459551866496
3779361,0,21.399315772561835
3011132,1,2059.5429311228945
749169,0,18.261439981036208
502409,0,11.288311835401984
2486489,0,2.183743168122121
223792,1,2058.929634460267
835571,1,8.314703532938456
1726895,0,41.91453883620011
3098935,0,12.66843560880141
2703145,0,7.317265440735078
1862894,0,7.665574936295322
2873201,0,47.20330421037641
1710029,1,-8.776634842703253
3209638,0,8.759829682838108
323315,0,-11.650089660292144
2165801,0,12.888381053717831
665714,0,13.049778511600692
2205026,0,-20.9207072702044
3874679,1,13.500251999761245
1013176,0,14.698723024810066
3386678,0,21.146213732004572
1399993,0,31.63534632520374
470035,0,11.138775914801316
3754028,0,42.80545704982312
3538725,1,26.67242329896341
511163,0,-7.577316059452155
3335170,0,22.038354473666963
3784694,0,106.61824344967776
2107498,0,1.3676754212364886
1999252,0,-6.6596131368740945
1441277,0,35.657021989953655
3203238,0,-8.055665164049636
1224021,0,6.189784222869589
863619,1,59.881019582847934
2526171,0,-7.016647664042658
1766109,0,-1.6305127380618991
2580715,0,115.37536009222852
3509771,0,6.173564777870271
320062,1,177.90476363424696
2677468,0,37.20977027497233
301857,1,823.6567112678451
2240032,1,-32.36577239849189
3837729,0,-1.3054189329479111
1255355,0,27.407001360406433
348766,0,4.641276119134283
2979007,0,21.482683223505433
2648791,1,96.48890650594524
2441971,0,19.881942275299192
2592662,0,13.78269429728343
901196,1,281.38988344478145
1372403,0,27.400616133807105
810584,1,4.344631944942881
530206,0,20.111295448216048
1861765,0,-25.820254119188313
3385208,0,24.90605828276294
2560734,0,-1.4589113613764377
352642,0,12.514739973176162
1115545,0,30.230494771586237
387773,0,4.537860405796805
2929340,0,4.04032758914327
625439,0,-6.620389229671269
3654475,0,1.0381686978148688
1437309,0,13.064783252264949
2687245,0,48.516263248692276
2674928,1,542.5267001091529
1552779,0,128.74553758025783
2465020,0,-11.929709284356477
3236366,0,-7.657847744366125
3697727,0,12.914149788610285
3544806,0,17.078246918678737
2242703,0,-7.687606343548481
3087889,0,27.708227873085676
3777684,0,6.301452903125373
2114710,0,21.503037330904554
2713885,0,-1.0023050144722305
3350721,0,31.198869220003438
2900192,0,47.55589520559657
1429658,0,-7.329278589628739
2778535,0,14.105201681333781
1619169,0,-7.493624419530917
1729238,0,-7.852419692060395
1010747,0,6.416495045492695
361859,1,2257.5640966873134
3721050,1,2436.1365667495443
1496638,0,21.205002615396687
3475999,0,10.261879634182
3670587,0,0.5474968187230302
3117425,0,27.100055140909422
3093401,0,20.854214258388897
2625646,0,16.128386158976166
1537625,0,5.798563965780895
3288038,0,6.42612830053324
1815273,0,-0.6444711307458528
1483200,0,18.763009687655448
1352375,1,90.6379202540649
3097041,0,13.365110542834334
1010259,0,27.502592381573727
3070725,0,7.766946715805275
3192113,0,11.84666418411255
3495167,0,11.083120576716274
3415808,0,-2.99176444990942
2472147,0,6.093803751935902
290319,0,4.267772312927258
2605619,0,-7.647877115808871
2462275,0,107.79880292309915
1142485,0,27.411543197655412
1482027,0,39.71371171995537
2528517,0,23.93687444320262
1444556,1,13.826626207837757
918779,1,467.0519000341191
375411,0,36.25029634082421
226107,0,14.684087507911654
3338182,0,60.712145758117515
1630348,0,-1.477063652043207
3041580,1,16.778125590713287
3161925,0,36.02943215863497
1149239,0,0.3274931003211339
3707164,0,20.620624025840517
2012812,1,-26.492812410634247
567404,0,38.61761875263341
1873301,0,7.073895394722498
1404027,0,36.03211807970006
744155,0,-11.840242421369055
2669443,0,112.56373502869579
3448970,0,52.859046710731015
2112671,0,12.63740604972916
354200,0,128.1828326532287
3795211,0,-15.007042091351522
1223574,1,15.113918575498865
2044228,1,5.017738747519256
430726,0,-4.871142748777522
2995137,1,14.216856340973703
1566772,0,6.366370650718817
3040077,0,-1.335501708390489
2589109,0,13.187993553134639
2893505,1,95.44508954107245
959466,1,95.35654603460912
3099096,0,15.359153732376697
2864435,0,27.775067783199844
2603098,1,90.40790658717239
1243244,0,6.348334452770976
2194861,1,14.03345160493607
3078816,0,-12.538491148693195
288637,0,21.56175102161929
2221603,0,61.64249793547956
555619,0,20.66067835845906
2597100,0,27.953682042582752
1788655,1,29.701418680068645
664060,0,11.566547329676592
3475094,0,-27.279884393223945
1127691,0,12.624246612035511
2483928,0,35.862620725524074
999159,0,47.14853062772255
1474598,1,28.11433622301444
2163997,0,6.067595049561115
3481065,1,13.885075050882792
2936419,0,23.84847117589694
3485363,1,69.62841219368866
237499,0,-12.672113849732323
2530563,0,95.71032010627665
1645279,0,27.55422707593084
2025865,0,13.645410907998134
1760337,0,13.12428479447036
3255598,1,387.5363165139096
2655354,0,9.28059070045532
734303,0,8.03692993792197
2868752,0,-1.027176627539913
266565,1,776.7885985564271
1289103,0,16.126060396908706
1194631,0,2.266015032346127
2574836,0,12.826775831992133
2544471,0,35.61690368086966
1113928,0,21.657476389323172
2760026,0,23.622363650033517
2211883,0,20.48138721692858
3419578,0,-9.000302848873806
3745685,0,-1.1979760432510749
1858839,0,12.852327425316146
1833168,0,-6.266377669180517
1266635,0,13.579910801444012
2535044,0,12.714380483365721
2915124,0,150.6093903032435
1438259,1,13.687538780404312
862746,0,85.43195804760826
3900098,0,-28.042433348778644
3850334,0,19.96977602134851
406062,0,-30.44742757768364
2895017,0,6.127838008420978
1207214,0,23.478828291429064
3534744,0,34.38228011045164
2885428,0,-7.723537446241136
3712895,0,19.400868703646513
1998805,0,36.16938628215058
1106103,1,81.70384245493803
634166,1,89.75225534821082
490103,1,322.116370371059
2895203,1,81.09919499942386
1136484,1,2058.9440430220416
1274442,0,-2.8476392768145904
2666419,0,27.116692840884028
1234536,0,6.514893307990767
912063,0,47.6599721513956
3349362,0,25.973531513967465
2271268,1,93.42464766150697
3058337,1,-17.916453766205525
3043621,0,39.23861347002492
436956,0,35.10622221689338
2600292,0,21.41472976079175
260969,0,18.225273185016725
3157424,0,6.277031716063849
2812156,0,4.463879638653802
1531326,0,1.82297298757279
3807084,0,38.91648744730447
203746,0,12.57525716350222
2902507,0,6.102098325542642
3781830,1,232.33503964775758
506194,0,-10.913108945938385
1314395,0,-0.5390392972266862
3692987,0,12.276217410432853
3224295,0,-3.7521676674722317
199180,0,45.72856661623514
609118,0,22.538938644914897
1506812,0,-0.08866921020333367
3713297,0,27.676939010800254
1745078,1,-17.48281591186379
2218323,1,5.416356654909455
420637,0,-8.82017963985562
3076821,0,47.46933438299135
208058,0,-36.96687813797649
446118,0,11.495875757269523
3301747,0,20.985776797058424
3353537,1,8.378631029913308
3126752,0,53.995587955623044
3206239,1,27.591717454540575
1030886,0,27.808386801220415
341222,0,205.66447657825603
1219730,1,13.633969336783045
591005,0,11.395878680196546
2278861,0,6.165361052805421
904167,0,21.516859964708807
1393527,0,21.844855688936757
1641029,0,-12.058854602320544
945679,0,13.288218668333261
558757,0,5.834333487223794
1667329,1,25.967705101051962
2282854,0,1.5485921386617345
2219803,0,21.77857052205075
1686904,1,59.71300104194668
435405,0,5.1964379872840265
1063878,0,34.0144139320587
3005371,0,21.168422521704915
3162251,0,-41.90075812756376
2119546,0,41.4136955804509
3079232,0,-9.016637188791398
1785716,0,25.208468216743388
1438269,0,-8.176072473022401
3801910,0,14.45177974262793
1254074,0,21.67361919371965
1892575,0,3.565520562649027
3182458,1,5.156898604076436
908105,0,19.975720088089737
1414798,0,21.506342524224095
2404339,0,189.13511709159366
2968482,0,-15.028222716424072
1767015,0,1.9603083514636723
1220296,0,24.138979782449415
2754301,0,31.993884049491182
528253,0,37.56302811116463
3059398,0,18.218820801985643
3488745,0,45.74241470495489
1098019,0,-12.37517406082361
1623388,0,-0.8260520997573795
613473,0,-1.3053025730015166
974952,1,-49.70189947728864
2170180,1,132.25424000879397
1310922,0,14.811116875139758
425289,0,21.89395793515076
1559560,1,5.534550893338728
3917801,0,21.07512501944629
651847,0,12.987493698592806
1702244,1,6.3952015115937275
215798,0,47.570138105283334
1150159,1,34.64246450926734
2199878,0,20.312011558969107
1765734,0,6.351587960072151
1885792,0,22.357082160324357
2578528,0,1.348925828690741
3868672,0,35.85941564288283
813014,0,6.355350934155576
3508459,0,1.5481366256013105
675189,0,11.58092160774724
2744308,0,13.184707013757306
416440,0,-1.6986079609138545
3049774,0,1.5281255588774734
2764762,0,18.212956394365733
1679298,1,5.4445496394131965
3134112,0,-41.06504704314017
460101,0,6.279918341929684
624485,0,0.0004370075939771484
1397732,0,-12.20491629397971
1568717,0,-7.5059736192918995
926071,0,33.41088938363677
1013066,0,-2.996279704320202
217381,0,39.61262129581696
1972456,0,-6.172786508237023
1683313,1,21.23890564269318
1610216,0,-12.22547846579828
1439985,0,2.0242159983274464
1891202,1,94.4037796929349
1948529,0,19.638939212190362
2055802,1,42.02049365171574
2045024,1,2121.2151818648645
1304407,0,4.715837597733216
693205,0,-156.70680377733038
1762561,0,-7.20742334482324
2173208,0,8.763339624862805
834459,0,-5.4985586197790655
3313299,0,84.33344014699892
1829097,0,3.4203887769117856
2785153,0,0.9268353942954555
1148504,0,12.87192435108534
1425840,0,20.5899233924286
2257141,0,15.35275059055322
1742933,0,63.234235039666736
1103002,0,15.936973009305047
3329305,0,-37.47834278499962
3075002,0,14.18958469875848
3130589,0,-0.698439243371592
2440295,0,21.617556100512854
3179684,0,14.28843843772622
2463425,0,12.951011825154021
1690561,0,-1.4065606295908903
748596,0,6.457719105403701
1095234,0,124.49855848648811
393425,0,21.538997597376344
974366,1,-773.6742815446074
1109305,1,307.0027145503251
862783,0,-14.620446542658573
2795907,0,21.23017226926034
483323,0,14.198760538575913
2884581,0,5.935861488613155
3884444,0,56.99152479000457
1536086,0,-0.3070197372092244
3802123,0,11.645763210325608
2580997,0,135.62755611775867
1364786,0,29.3114515797883
223685,0,45.89022332557579
1526130,1,-18.067375256274463
970438,0,51.84316840756447
2028303,1,372.2194866862828
3242047,0,-1.2072611625746055
625651,0,22.692271003585198
2636073,0,-0.5428417506191717
1238632,0,-7.7069388883183025
1975161,1,71.55837418416743
2198655,0,12.906045463951672
2272323,0,21.71407037232041
1087564,0,-1.094299949082053
1934582,0,-1.8172400794474861
3360033,0,19.131618138302656
248534,1,78.98135936522003
2556789,0,6.543950555601238
3104595,0,35.100604875751735
3136401,0,11.874600317789808
2674154,0,1.7824051646998829
2728003,0,6.251719763910986
2491121,0,-6.987569516823541
1529925,1,381.5621793440856
2642317,0,13.095895174014629
2785850,1,4.97616781086517
599212,1,13.806451749163758
3370093,0,25.864589531102837
1549658,0,41.18445240889262
1232203,0,6.256907778354405
984817,0,35.95568155564839
3105290,1,2334.3365399795907
1304391,0,-12.243839886056014
3805611,0,62.09890880778036
1599605,0,21.735381634394184
2021878,0,13.137324097033199
2745950,0,-7.555543759261904
930669,0,5.949116213728573
3476637,0,0.4881957002078723
2199055,0,-2.6000208352707834
3805463,0,21.308661184336042
1739120,0,118.18811004490182
2933061,1,2807.300697928456
354033,0,73.27241113094084
2766453,1,13.814667292539024
3370401,0,-16.409397212498114
3703336,0,21.364028566485064
746108,1,13.824857444543245
2733170,1,44.261155422567626
2609365,0,74.58088242225288
751008,0,27.47539915799878
2778372,0,15.810703108157485
3869134,0,27.241806639625803
2256310,1,322.0383515866411
592603,0,-0.7715400385109341
1225275,0,7.570240333379926
2039721,0,13.534034277346672
429840,0,149.11941459846386
3136871,0,4.688805527388216
2839768,1,14.126243940595007
3214661,0,-13.633821947175683
2711257,0,92.74724122773432
3513759,0,12.787763635068368
611019,0,0.5251486828855177
1037424,0,12.765362428199127
2780212,0,-22.34475648315852
220692,1,90.10520607543238
3427431,0,-27.31712675715966
2264163,0,12.840590007141039
1865167,0,6.386928782494357
2236135,1,42.143231408029706
1617260,0,27.152991742941865
403031,1,313.68720245350386
2421502,0,145.58781080108412
2977529,0,22.049593270160354
3465278,0,-30.228116496996346
307555,0,74.66239965562275
470373,0,11.764030391385967
3051212,0,27.884388178520826
1559139,0,-0.8882700565592013
3860521,1,306.99482576160614
443589,0,34.41154006592231
697244,0,49.915786592821206
3797525,0,13.050921216875114
1439474,0,21.45249400778537
2494799,0,6.19173876050457
841907,0,-35.090113086845854
2888753,0,6.200387818505108
201965,0,-8.386884805375741
2644469,0,40.221868775323706
1301903,0,13.033718464343856
2114960,0,28.531625883750376
2157397,0,-4.407646002174292
2006421,0,11.651801113495702
2129915,0,12.837747734289662
3722218,0,131.18276472374185
2160137,0,-7.642457150547216
1391700,0,20.769086113132573
2024809,0,-34.53663619383917
2490102,1,-1.7397454568840962
2588150,1,307.06279154226263
960397,1,371.8471994648327
2527431,0,-41.999649085159305
421694,1,322.31116856481367
1316431,0,35.3193764259422
3388735,0,116.61119782951438
1962379,0,48.6635726823956
897419,0,6.06552113247757
1837708,0,-7.431481215509411
1552972,1,13.475461630958563
3107163,1,-4.3048037481864085
944051,0,13.029238781718854
417006,0,21.465676636192935
1271420,1,2474.738248877364
1244800,0,6.162009177886273
2894558,0,21.609015076981766
1011252,0,20.804051550146543
379746,0,24.071801883279228
631885,1,392.7163435191797
1300711,1,98.548600731074
3443799,0,21.862972265517072
3482397,0,-41.66048695695541
217331,0,1.5400637901824796
3316883,0,4.856121952785275
739617,1,5.921365347519679
259729,0,10.908114246908413
1441014,0,-6.561251415367136
3041197,0,-12.34844358959451
3479313,0,13.035017861903144
3418058,1,20.9214008191584
2204170,0,6.2019989310843835
1157083,0,1.5652799477352861
839467,0,24.38297499311547
1264298,0,0.3766425766542105
2564198,0,6.222391630012064
1010095,0,20.777839653981193
1160944,0,1.7977224891698849
3835150,0,12.56181170878763
1028514,0,15.816347312806453
3415020,1,42.2061302257345
702687,0,-29.86371918494151
1346461,0,-13.73545065700815
1594600,1,34.27480171329865
374178,1,454.5473162264696
2016924,0,21.478349538038515
2508286,0,20.758252176276144
2024309,0,48.77745641989812
2027278,0,22.027818875436907
3948470,1,112.65784703862359
3911903,0,33.06977272596002
963939,0,42.32644956762235
2672231,0,47.87810065722405
1542191,0,12.555271044584313
2149302,0,26.65993528741251
1094228,0,6.541539745462493
2276147,0,32.402832718288764
2245383,0,12.794203865661935
2503977,0,12.512738823009775
3955860,0,-2.2890523884534915
885001,0,-26.340163356552946
1053021,0,30.88339987580588
3484745,0,-0.40591134369619486
399428,0,0.16420398726653634
3789600,0,6.2130410842893715
1734269,0,13.735482531761294
3095077,0,6.558621159325659
1384457,0,-7.720073495315357
923062,0,38.60313276407123
1433996,0,68.74396396901882
3410267,0,5.084236454910481
3525435,1,98.60759208788203
1911806,0,6.545280706314597
1347699,0,13.632215533146375
3708554,1,112.9364942165354
2644579,0,20.893211504804587
3112150,1,14.01132118484587
3728618,0,25.97021544248736
3681413,0,130.80322515630058
938760,1,42.362058483823866
3025583,1,2465.4738040060042
3655228,0,21.824774157755698
2419848,0,6.448985448978329
1824168,1,8.062617990389272
1320899,0,-0.03847902619332716
3935451,0,-155.60443746562294
659079,0,21.614108974681226
2938338,0,23.791094899910817
1316485,0,54.00142887861141
325027,0,12.942016577116592
1526618,0,21.440556017307085
2703870,0,3.1738157439711783
3123706,0,11.428406302466003
696579,0,24.179820908237517
1196319,0,19.95507364529086
3531227,0,21.128486582177786
233363,0,21.232907651263787
1363926,0,22.818469889388666
544021,1,132.27494619879113
752870,0,27.423773004957702
3229619,0,22.046808698863327
644639,1,101.85491312377046
866427,0,24.737333128752994
1845148,1,-0.7002240856171085
1318624,0,14.204714760853642
3879820,0,1.9134620070969826
3958141,0,0.8560849974060074
3167900,1,20.359037657661816
1904956,0,48.48156187614636
3393863,0,-8.77743980208322
1750780,0,87.8734331239948
3328492,0,-50.85305831738794
1670586,1,20.015786812563025
2456228,1,13.801485461557114
2019333,0,35.79627239570921
230796,0,50.64915866102916
1038180,1,14.201161350928327
1272423,0,27.64433862577535
1490467,0,0.025577445133693005
2839185,0,36.02272550854657
1753675,0,35.18143925293321
3211610,0,20.34628045625133
2457485,0,14.093377514857718
2578420,0,62.4301337269991
2527856,0,27.467644327808944
1624696,0,76.85466363539454
1127414,0,-1.1051901153297485
2012563,0,6.664926132670393
1377573,0,-7.658886688406538
2541018,0,192.86406996505485
3504957,0,6.495941962752109
3676928,0,56.68399275692819
2837225,0,50.70627614742737
3682912,0,160.8564000725399
2632512,0,76.47425830554366
856416,0,46.72320071409746
2821101,0,-66.56551224157461
1823936,0,7.1615416320203735
2823881,0,62.7364232030638
3838080,1,66.65890551840614
517988,0,-1.1164358185504792
362921,1,132.04832401284645
2948795,0,1.2998547990170746
3870671,0,-12.46191715622738
615071,0,11.613477920018287
1934085,1,-2.4405669803029353
1331982,0,19.79045569264739
1550503,0,12.733863666811168
1714142,1,88.48026727484263
1246688,0,1.3691347764424069
1261949,0,50.77557654407926
2911247,1,92.01112074337799
2594811,0,53.589077740760345
3535092,0,54.11742290070704
2586626,0,33.84070837343581
1824336,1,8.137755830641556
911436,0,1.2876049627686166
444267,0,20.670346652153093
333616,0,9.439436825492304
1896355,1,-817.8227640829529
3400550,0,76.65668402262396
3254729,0,-1.952713291174795
3239218,0,-6.57281102703259
321200,0,-14.600394922788219
2148645,0,92.5076137235523
2977139,0,29.179364596693972
1607556,0,-7.86487589774226
2790618,1,5.356594079198586
3057733,0,27.437657969156433
1673506,0,5.4079898217806885
2151404,0,22.39080209116145
1297811,0,39.7354138279922
2404025,0,147.09086993885273
1208916,0,21.3871285319227
3504251,0,12.655267536719348
3328037,0,-21.480179550120667
3364949,0,-25.008142595949653
702662,0,-2.7192056239227065
2442252,0,1.1881623522970353
1389290,0,6.529925217851773
2478663,0,21.208313715621728
1129471,0,43.53481931017603
1089380,0,7.812637799006209
507360,0,1.419622396876866
3381940,0,20.05005409480137
195192,0,131.01164654551496
1410244,0,5.971186645718878
3651424,0,21.149110708252586
1105737,1,95.58771318397196
2038823,0,46.000899520222184
603019,0,3.204856769656807
1885857,0,1.5998729983084232
275085,0,27.290819180459238
665472,1,313.8561480762556
3164180,0,21.396763124319172
2593351,0,6.548253777653316
2914538,1,244.0244564429701
1252024,0,218.7418959360287
3462765,0,-9.031653055027576
269936,0,75.73726786818656
552457,0,20.49469603561136
2031441,0,20.761980590282484
2467472,0,15.734513785656333
3016799,0,6.482758276288374
1508277,1,13.592200868835175
869125,1,111.29914029821916
3288401,1,42.17384143194333
2210994,0,26.223216913703087
331323,0,6.928368101241456
816959,0,-30.9774914564733
2602154,0,64.45209024890652
3311188,0,-10.752266072164618
751312,0,12.180214777124785
2507097,0,-8.02984168895085
1127205,0,74.85199142663673
3783370,1,2066.869324338623
607096,0,21.336496824149222
2036883,0,-4.452289523505014
353896,0,11.338790528685779
2896906,0,6.532942692190904
3437826,0,-0.15321465807131332
392157,0,42.544234369723824
2460811,0,25.054583199823362
2867522,0,23.490425462094304
2836056,0,35.892186563767545
218933,0,122.95091791133378
3778843,0,-1.817001999766795
2600909,1,14.506369577735585
2423890,1,81.32458633735726
2393013,0,24.75370855990569
3127114,0,-12.231341924292094
834547,0,47.24371579272916
352819,0,-136.43084242067994
2105936,1,65.83340971975267
398720,0,14.318168484191618
274044,0,-7.582515428781412
3210258,1,27.805001634385487
2055161,0,142.32909594600346
843926,0,-12.775079048425965
3839089,1,84.97950486013482
701085,0,47.39404473878462
2940381,0,6.0610803978026455
245439,0,47.15961814763202
3151879,1,248.99436763878168
941302,0,13.2047374487295
365524,0,15.539834397320787
3775107,0,12.692790320094279
2143090,1,-24.645985180016524
2713210,1,42.85207962239364
723418,0,-42.60942101184967
1231602,0,14.002247861884998
2398668,1,71.98300530934087
2662734,0,7.022935482435192
427775,0,13.190699691709908
1558047,0,-1.2771958657939235
3221840,0,33.64713165113375
2771295,0,6.223089620730408
730474,0,24.83071106007472
468986,1,2058.844845175752
369002,0,10.68812690449283
302268,0,74.6119459428562
3959040,1,13.854733822187846
1988362,0,23.170538325287563
3850102,1,552.9844921248028
2275090,0,1.4365299912398213
1200569,0,12.738535460728196
645667,1,28.63616251751023
876821,0,27.30847396213917
3749795,1,5.072482558134831
2241679,0,5.898267271859123
1743231,0,-0.5384753511780975
756758,1,30.4694925850162
513096,0,-16.26910401432488
1687290,1,11.209854683620643
1697290,0,5.0956398433009635
1751462,0,-21.272703831438964
510132,0,-2.461408986603125
3131404,0,21.445727408978566
512408,1,1.343414832357423
3880187,0,18.837411893453307
2990268,0,21.581129251372918
1301873,0,12.933263149996494
2685767,0,156.15553861853232
2003777,0,74.85594400975823
879924,0,-7.705450789812919
1509153,0,-0.36744496813787375
3301946,0,1.5966200544211897
3904211,0,12.877738968183717
963812,0,8.712328599021186
420705,0,107.65734130907778
3531907,0,27.860649079167047
1276588,0,20.916169270842072
3221365,0,1.2536022014030825
3918479,0,20.733751970066937
1574655,0,7.644908417760021
2815144,0,8.002723623988008
2003033,0,21.45600807212665
2881870,0,37.016447182342176
638612,0,48.49373265534476
1640449,0,150.5923543521887
3260826,1,111.44389477323976
1272416,0,10.07860159636423
1518468,0,5.427661988238328
1475476,0,22.09058470913104
426434,0,-66.06977066986937
1706529,1,59.39889281200751
2225207,0,27.48759476703769
887722,0,6.4488964474384
1330668,0,-0.9685129691033663
2231379,0,12.696739449179377
3307645,0,6.350720552620211
3273157,0,0.0049495446185950365
1383097,0,14.72562963701464
367110,0,-2.7939048084258737
2032536,1,81.10492534631028
3379796,0,38.947205899808836
847468,0,-1.1102211217004032
908480,0,-23.380846257944384
897352,0,12.819946902716609
1275673,0,36.283448793898884
1005008,1,19.622013276002537
2055774,1,41.884596464018465
1027431,0,21.63115169158547
2035849,1,-6.976182973896718
2936667,0,15.497835798451318
900536,1,13.59133543349969
2625714,0,21.60543706429083
3335592,0,20.780806155034526
1162584,0,54.15293059110527
2278171,0,1.7128176798050703
3277823,0,100.72071895140935
997484,0,14.914041409612524
2033812,0,21.025651645586915
2753092,1,43.76539960783566
1319915,0,-0.6139786412026738
3306315,0,6.086542938160718
2727025,0,62.630484901820566
3709211,1,140.10318789956023
2012284,0,2.101723435393758
2555280,0,14.046148608138648
1544743,0,-7.8196393715009895
266648,0,1.0040952423749623
1456883,0,21.303318008820167
3420235,0,6.326124567411828
2707831,0,6.120112655167523
1556696,0,28.032795395884545
1340777,0,6.362259773769
3463295,0,26.071166749261277
3477215,0,21.468266689272095
3497356,0,12.810757961650896
638061,0,39.478323714927015
1405726,0,13.703511934004068
2872424,1,232.59039513139922
3023225,0,26.956584613327763
3420945,0,26.822524362167464
991090,0,23.53266831452946
667984,0,0.07863374426296545
1790741,0,136.99670677913642
1841550,0,12.879569620071505
947623,0,6.504168842697388
2648031,0,27.560071163016584
932551,0,-1.003780753357256
1846999,1,19.83236161538425
883434,0,12.335933644855736
2124901,0,35.54764102460361
1941593,1,74.07936404207476
1157918,0,-14.16767300612332
1458109,0,12.88744674729399
2698024,0,29.37252142903149
607014,0,-0.07514173578955452
2622232,0,20.851089568014718
3186198,0,-21.70114504540893
2246834,0,12.605537489889924
2866232,0,13.187224127814277
3359622,0,26.892952994140735
1518245,0,17.431965766924066
1219056,0,-1.1929446742171264
3336140,0,21.838561684408507
2225211,0,39.27772750323276
590647,0,20.033656534361995
2977503,0,20.873341493529285
1441420,0,36.804214884940436
1499698,1,16.168813212279172
1723080,0,-786.7839388886887
3442241,0,20.65394129326636
1160827,0,30.874868240217385
3533869,0,16.434374398896953
999879,0,61.79222229403454
1836169,0,-7.499021485180237
1967303,1,44.35215928922321
966090,0,8.907255145780002
1231235,0,21.427929554524503
1431024,0,8.806560472339193
1006481,0,-1.152155141291984
1435584,1,158.28780423946708
365947,0,83.1186330009905
2200707,0,-1.083384524206351
3057834,0,6.220099673613913
1964418,1,22.506351437084415
2259309,1,-1.073606109671913
661250,1,162.7423831844869
2900829,1,13.984867369841986
1441936,1,504.22013585764284
974529,0,-9.002467837441815
695510,0,-29.07825012166243
2570085,0,1.8044273986973058
1327314,0,5.884367544531343
975460,0,20.754322370690062
2395001,0,59.012292404308056
2008349,1,13.866720173157631
1499798,0,-14.807841696850971
1261871,0,6.713655463161607
1709380,1,104.0203969437882
2031331,1,13.844538001407194
2821225,1,67.38776794704951
1049160,0,5.299261908281024
2695884,0,42.659558473041656
1425811,0,14.91268480301669
3289376,0,6.526864169931221
331854,0,18.941108417275437
3322771,0,11.135206970343154
1084857,1,95.24444729014559
2283850,0,9.467937227448544
2256379,1,13.889118576913543
2457829,0,-5.20836057472612
3865433,0,14.167420930164607
3217452,0,4.31812599420422
390893,1,418.9031853560897
3357890,0,-14.874640919527137
3868564,0,-27.684279655179374
3500868,0,4.874230865368141
1021850,0,21.38480724759862
1620253,0,21.323780183303406
1117769,0,28.11142876987276
1378296,0,30.567873936307866
2433148,0,23.510538131128296
1242002,1,5.671629740316323
1957446,0,-0.2544337219969268
1704212,1,5.810042961485537
556513,0,20.141686211471892
3907574,1,2266.626755273989
1355925,1,621.9714514861636
2611247,0,7.1455365259132595
3316109,0,13.778892280270574
960451,0,36.217017616015305
2879891,0,12.369683014417982
1435161,0,16.177009902607633
1979275,1,-8.832991754461728
933078,0,1.517965577309502
1205760,0,1.9808124200266488
2982593,1,98.67393018312187
1470728,0,27.820576907631537
967109,1,31.279719800550378
1730446,1,19.63273584438923
3164625,0,26.117470877845893
1998343,0,6.134518862785526
3230104,0,-30.401236029027665
1265703,0,19.639048189986696
1489413,0,15.495917135069979
1383820,0,6.669776351136886
1845253,1,146.40375357848922
697118,0,12.420885990189205
2412578,0,27.24005475825673
3930704,0,65.02299846283427
3653015,0,1.317581763345681
2530221,0,-2.315618999405747
1678687,1,20.284572225470473
3094150,1,-18.161003824132827
3278063,0,6.3988433039519546
3800017,0,13.402033383489261
633369,0,4.6579036851855005
1915610,0,6.313318883575816
3677385,0,5.875402021446986
625984,0,4.361082195269554
2163636,1,6.046201898275886
2244358,1,-2.6441145657231098
1913677,1,83.7684466029549
1952160,1,-13.446483377481405
3175518,0,-18.701973850937616
3201906,0,4.80115401362239
3744538,0,126.42999920139663
491703,1,14.29213395923437
3454673,0,-21.56717858867298
2621480,0,-0.9311148243625103
2220729,0,20.43777811115531
1267893,0,34.961863480759
2986828,0,21.264894846989094
3143406,0,17.18416322770648
1126150,0,36.04055532010236
3130961,0,-51.19922726787634
2968016,0,21.12869975246383
3128960,1,14.514205545152908
3328085,0,12.91511805168114
986991,0,19.546254577108062
639142,0,-22.173983831743335
1759631,1,2088.6435540466214
1292020,0,-7.801044891886982
2707142,0,1.7477627417922936
303159,0,73.48529423912848
1984856,1,-2.4960305964049496
1207631,1,4.907269556708356
2224095,0,27.688690824570887
2723784,0,5.082181394924151
3095722,0,1.2216859778859301
2906998,1,66.88203918825835
2480913,0,5.938439863411698
1722562,1,59.76814169991362
2265558,1,316.79976193747837
2247177,0,27.388654315621764
3942728,1,111.23926910186317
2240957,0,21.108704868037087
3919687,0,20.597929521424742
2922966,0,22.171427240213685
1362830,0,-1.3041366661384113
3679663,0,21.946578895315408
1992791,0,21.67418345233019
1194131,0,6.985713936312902
3461781,0,99.96002422743781
1473536,1,-1.3242212690612327
3127990,0,21.76464440951586
3347270,0,0.7341592189258347
2853638,1,5.1034424533749085
1939811,1,0.34214245163999435
1967406,0,49.72891550461956
2017794,0,175.6608588726267
2766459,0,87.66402289191393
3394157,0,142.47678781217667
3730850,1,97.76392888256538
638524,0,34.84560714755117
1038708,0,20.682630541276506
2258427,0,6.4873669923065425
2679620,1,262.90495489264447
1490261,0,22.260548199612003
3012997,0,12.143093946533618
3096160,0,6.339627666580089
3513191,0,12.982599709303678
1006566,0,4.495609047511865
3887297,0,14.948312333326259
3372393,0,5.047137845556953
2963852,0,1.621586369473695
1641510,0,2.2941399035886376
1453711,0,23.38649764797982
2457610,0,6.4208221654140205
505146,0,-2.6525533544348376
2931724,1,81.10860112877552
1427962,0,13.561848141739281
1063551,1,28.00798624216677
2734669,0,117.00080813277712
3871460,0,76.83105031006673
2999207,0,13.588411953558081
2763186,0,21.88889921619512
1591299,0,14.597059573558028
3322412,0,2.499165796095486
3301719,0,-3.2007064089383834
3173283,0,0.04773612260175237
2433147,0,15.61535270423219
1397095,0,38.9510153115417
895193,1,2067.2018291065365
1507951,1,-9.651405910457683
3137726,0,52.609795961441485
1264955,0,21.583583490501578
1328140,1,95.43735280426762
3182226,1,-31.135533105427015
2158252,0,-7.593999678341349
269956,0,4.960676706476919
2208385,0,22.37912761469418
3012851,0,1.1797498530353696
3271103,1,5.378572273262255
1150533,0,73.57763241489019
1579920,0,15.433603968543554
3130121,0,4.636364370229662
2162280,0,18.52808035125761
2400400,0,6.445443795239448
2706621,0,-4.374169956221064
3312430,1,42.31091082239344
3222073,0,14.288042905295196
1593980,0,13.307332010886249
3382569,0,20.488467827133558
3294678,0,11.35873445222236
427658,0,-141.44352126997512
605988,0,38.20930872047522
1979709,1,2485.2031265847327
1533295,0,13.282729957253084
2425955,0,-7.187952043568881
2046576,1,33.36967473144736
3059356,0,91.46522663554092
2846771,0,23.974709124021725
1442641,1,80.75226138642049
2654851,0,22.409207094580143
1552702,0,53.64607526455998
3090574,0,39.55979799258348
2720351,0,149.28051696001145
3664588,1,80.88615192376916
2247606,1,-25.229786058907834
2943696,0,21.653417005218483
2858861,0,22.701733289032948
3083116,1,13.609851706534743
868761,0,21.38807387233611
2579753,1,1.2869410458278507
2220340,0,25.98189893346495
3122576,0,29.046454854789673
1109164,0,35.616572046128766
219835,0,1.8958701103562596
1469382,0,13.131757620408049
3882321,0,-6.7004348700064496
734676,0,21.647591306352417
3285460,1,13.996182856889298
1010459,0,-8.722514405321691
580911,0,-36.916011473124364
2574599,0,-7.368408597844299
3216061,0,99.08767592854386
299977,0,-42.27726331935863
1259971,1,2259.8823665979494
1727334,0,-14.822027096557658
3097755,0,6.2745933908772535
3368192,1,176.94381219289255
3753639,0,13.319510479988253
1397035,0,130.99807758322652
931027,1,2108.840992099607
2566097,0,-0.4491085955887455
920518,1,67.16008911084262
1810489,0,1.363719836134432
2855798,0,4.328238029472983
1210592,0,37.52519519960265
2396168,1,50.4563691579177
3674904,0,135.69509251501592
1738322,0,53.681873008460045
3007953,1,43.15895367921342
708322,0,16.316339601752155
1133969,0,-0.8297800821427535
1681352,1,11.63673814203732
3737159,0,89.77620382503743
1357964,0,40.68928366231777
3427409,0,12.029328460855115
3054355,0,35.950062802830786
3273211,0,13.266676316190837
1519870,1,2031.919493614566
731638,0,38.96454348351173
326989,0,1.289240066449805
3425758,0,4.676545928445056
1013447,0,12.844819435753028
3341408,0,-2.2324469623967227
2446087,0,99.42729035748651
1760388,0,-7.730730913349417
440498,0,35.813796707346015
2237979,0,13.526909658210378
2978160,0,21.377854080427536
2998800,1,42.98913525836411
518802,0,45.855735050398685
3158926,0,35.84784569778435
1062704,0,2.610445980188567
2545418,1,16.6123450025631
3931924,0,-0.14893325993535195
1844270,1,1.2759518018560059
3392037,0,6.215966540652754
1375240,0,50.629827703299405
3949827,0,5.0407311800634576
1970172,1,280.98940100823563
3391867,0,21.17039344103838
358819,1,123.18788365775693
1084339,1,226.1128439182071
683385,0,74.53800442039028
3547603,0,20.824892212058742
1897500,0,1.5836437506692413
1449911,0,6.097175080734827
3130521,0,12.753863262376985
1332041,0,-0.055602680885012384
715960,0,12.680265987211206
3902645,1,13.856309657791194
3330496,0,38.10968008981471
1415599,0,21.486882294023264
2496250,0,6.31318898788622
829270,0,26.66814669588252
2531524,0,36.181156671028226
1160951,0,18.618341357157462
565597,0,-9.150896262788532
268004,0,4.809392073347693
1395270,0,13.07083268546387
876684,0,1.6535645825170961
510266,0,15.389320695061926
1482117,0,13.159290820597517
3261397,0,-6.0276578631110675
1108692,0,14.994004411668023
2724844,1,80.50646613783607
2140739,0,164.78178694565185
2238544,1,-17.852619148760834
979128,0,36.26170130067981
1694348,0,5.118057725018577
2704767,0,-44.69924879042572
3219401,0,-13.834783927946136
3488945,0,21.5066192764325
2608997,0,36.038763571508795
1642412,0,21.55904222759063
2426134,0,21.127660627786682
2011425,0,-1.0414800079300741
3077229,0,33.89001844143105
598890,0,91.4387817542663
2607254,0,218.420616372014
425849,1,2266.429836381277
700730,0,13.141445489864367
291254,0,-3.591769859338726
1076033,0,142.6828721660322
2559356,0,269.82171220951165
3032699,0,6.199526668896371
2163119,0,21.493279453972992
1324560,0,48.646933716083076
1748695,0,-1.3625517575679258
2882837,0,-0.8862264396335116
2616030,0,20.755033449964714
2913031,0,12.80875854838095
1966357,1,19.895017526412488
1679611,0,9.31111081880471
336113,0,11.638629745320607
864271,1,16.75557697788771
304152,0,21.10753320498631
1193560,0,22.662913377883996
2522702,0,-36.48019443686067
2194495,0,35.936347529682564
1512882,1,116.04965257602645
899314,0,35.32899269967244
3125374,0,-44.67196472403816
597123,1,182.85347687181778
2631432,0,36.928340836927305
3437316,0,21.10085664951656
219274,1,7.807753357572244
1694109,1,14.65169607884924
3853502,1,132.60936991547055
2822876,0,23.14709534683343
2639787,0,47.64257532488506
2037449,0,116.90657458517883
1442084,0,21.075214714375925
3358953,0,84.2487442598535
1025295,0,-12.642201828366614
735834,1,5.31730229086006
1784258,0,50.017777793123585
200625,0,2.0977905383368207
452323,1,2065.534234316188
2152188,0,21.186266810776303
753267,0,21.440770417789846
1021804,0,92.799837963724
2833445,0,27.907112635416667
1540678,0,4.177495220420161
2776105,0,6.142814664989774
2497794,0,7.6035920824637815
3340218,0,-7.477623061431115
2246818,0,12.927574307382732
1273496,0,13.303777861135657
972000,0,151.4273639798338
608892,0,13.448124105783487
2395228,0,-119.93094980795767
1197518,0,12.918771368075053
2155598,0,6.448870935563705
259467,0,34.908149120177576
2501608,0,107.90916135936642
449732,0,6.513792338311305
2692472,0,21.581409620853268
1439084,0,22.426461496881355
2884388,0,1.7774845204617002
743677,0,-2.2572336998906786
676696,0,-12.778149709148964
3304678,0,21.557574277655544
2815184,0,20.967484967625172
448034,0,6.9012419800485585
1024614,0,7.316959900471914
1322188,0,12.803752051391713
1498934,0,7.5237244170463935
2749402,0,1.3626875328770822
236802,0,20.304656290086484
1840131,0,-1.0846629536255556
3355346,0,-30.70556945575561
2032085,0,73.23135676088962
2058187,1,13.21400434589164
1792787,1,27.531461107887612
1961419,1,476.5593060427961
1391169,0,13.006603888158363
3004852,0,6.25876870728021
2129024,0,34.40118760618819
1791240,0,35.947464873099605
2114204,0,21.189913430965216
3273785,0,7.872738409975561
313838,0,4.858976137431919
3758435,0,27.6514195564932
941609,0,21.031874707217597
1071681,0,2.471159527361724
2725221,1,481.0940542748716
1766056,0,5.971073689747432
3449408,0,1.520930782640738
2644718,0,-10.759257946300975
3347068,0,53.999635902648734
2630064,0,24.68284225925293
2128786,0,28.951832314319265
1277415,0,42.316345449200305
2730140,0,-15.236232813845975
2780920,0,150.1249566926462
309199,0,13.357057705877748
3808439,0,-25.507667997456117
1982976,1,19.3465038052007
434190,0,-44.703178771512526
909705,0,12.721890450258634
610488,0,-12.264612060345424
3258035,0,6.234203003678947
3264726,0,34.83219333015148
1767376,1,-16.939331366559134
2545715,0,6.389206204909274
2700177,0,7.811302091445274
555962,0,-0.9835044545340291
3314232,0,0.07076361116400348
1458532,0,50.32981661136695
3352476,0,4.707907578964847
1071671,0,27.559737328600214
2793712,0,-30.43161666879621
2584490,0,6.405515798706908
1572125,0,12.91574752987639
2566854,0,74.42289199079475
2977425,0,20.377733450699132
2668733,0,-13.918905140566501
2856955,1,67.51823100359489
3395813,0,4.766422372563648
1378064,0,5.278505996489777
1160287,0,36.15531917797917
3848975,0,-51.25520555085438
2949179,0,-7.845883445342547
3663529,0,12.859775866818232
483206,0,27.55984392023502
3440377,0,-6.691364449716927
3369832,1,13.83980851281423
3076382,0,50.01750775006932
364436,0,-30.74297937005159
3460778,1,263.18153304915256
2986776,0,1.3801736367845963
3765756,0,19.775823334066352
2972020,0,21.168269524743422
3082486,0,21.83380786275054
1101123,0,133.30906553696136
1273338,0,27.61703971594822
938524,0,5.666685506615177
1489277,0,121.19292577050433
971902,0,19.804049194300855
3447779,0,21.614634325336972
709587,0,-8.194949428781737
1858651,0,21.518451111597038
3666268,1,-9.465084024458799
2027137,0,122.11570006000952
1073502,0,207.08619307739542
2447631,0,14.59741716796639
1566467,0,106.71773017475111
3512636,0,153.8400900342574
449744,0,6.008406353148915
3703155,0,127.89466873498604
3015249,0,36.212826876240364
3452974,0,1.2854720644080775
1748152,1,33.20027133780343
3283370,0,11.240988563208035
2818579,0,24.57106112994731
2062292,1,19.967541270328713
302002,0,73.61371440228932
3539668,0,6.512734870341304
894574,0,6.506291958468855
967653,0,-9.574368068744493
2046341,0,13.013750821846115
950114,0,21.736352940233846
3270284,0,36.95676642335641
1488774,0,23.46320500747557
531148,0,-2.6716907420861076
1627881,0,16.20148534823178
3346208,0,90.96486134198818
1959473,1,20.22770094737241
3034220,0,12.72118610460396
1747437,0,6.450852443708005
1128479,0,-30.80537969833668
2014492,0,13.347107637822472
1649457,0,-1.1982736739325262
3666846,0,-0.8145443887102713
2846711,1,2360.8682957075966
813888,0,-6.263784991558269
3096791,0,16.345087726493524
2410723,0,110.0742283428983
3340557,0,12.549580301447945
2048894,1,15.22041073803953
3854168,0,60.419752021408364
1735663,1,2082.5448753676
1390684,0,218.57502950772474
2276913,0,6.150805943473541
3152322,0,14.741122575382418
963490,0,42.13314421560707
3099437,0,50.48011861206946
2883727,0,6.148081987765812
1338325,0,45.5784845203352
1456481,0,6.448071103899614
255963,1,243.80077283525856
2034040,0,24.474499380871265
2234988,0,21.448819888156077
3146933,0,26.395481002713744
1538651,0,137.20331796725154
1748370,0,61.96494880553519
3234063,0,46.49793055155748
1023674,0,27.598017386021695
3861713,1,69.87961434582492
740594,0,12.905005809061715
1466240,1,41.882100487243434
3451992,0,-0.10662115196061941
3897849,1,-33.05388133232639
1606453,0,35.934408441530145
276526,0,22.64400349225046
1910950,0,22.786639005474587
3211160,0,5.0598504948517204
1595697,1,392.3499429742883
344238,1,467.32110426434696
1195915,0,12.777919569524956
1326819,0,13.226875631159682
3747460,0,24.89737395143175
2143191,0,16.011911904153795
3030217,0,-12.27935328715334
1819851,0,20.482041664724953
479260,1,42.44153768464672
504194,1,132.1567964428167
2277948,1,5.261005984036108
1992023,0,20.74986773354481
2545091,0,-7.263395643172679
3052637,0,41.81238277138889
1665076,1,21.300058216042917
1690953,0,5.17695208440171
1789577,0,176.05903873932436
2623101,0,16.45587050118865
2860995,0,6.127061990296138
2661388,0,6.3606984555865
2758128,0,5.825400695885693
2281613,0,22.3562061383716
3406376,1,2072.2146788972877
1397747,0,13.669842243127514
3853730,1,126.6165183885234
3868572,0,16.341305769570596
925038,1,36.31641780123121
560470,0,20.92329620394701
702318,0,-13.675706691414957
3900388,0,27.78883345398996
1505193,0,-7.382690508027823
1723304,0,13.075080451304078
2549454,0,12.98252694236035
1991316,1,2252.2740930088344
3191437,0,27.761872329264946
510006,0,72.83069082031912
1635560,0,25.454473255064755
493208,0,40.72001288796065
563376,0,13.021540414248335
1858259,1,132.4178545005915
3242243,0,0.2253206598751326
346513,0,19.377015843796617
3449854,0,7.960618168922927
1229904,0,21.160763597252757
3503287,1,14.2448365552223
1270708,0,50.957988454820516
270686,0,13.326294885826908
1783636,1,386.73083273826774
1031766,0,12.970517624941428
1261070,0,1.6906665826058083
2127651,0,21.911405318948603
3736239,0,5.46519580460344
239361,0,7.658960226749817
2921717,0,20.831567287528262
1581367,0,26.594503381554258
2620273,0,124.65150283646236
2239099,0,6.731452342668814
1767240,1,-24.55291834847757
2459930,0,218.67487789203554
2835352,0,85.66440436305126
2980254,1,17.083304803775913
3260325,1,-71.66890243424136
602565,0,6.465973417908503
1295494,1,386.04809866104495
3189458,0,4.457870226180454
1558720,0,137.1284940818161
3195520,0,-26.42392841387583
3223461,0,-2.9485515603403605
1106081,0,28.239780119614576
678239,1,2083.8074895351274
3023450,0,13.023317625341178
1318362,1,76.01819603176753
1677893,0,-6.286342256732765
3099236,0,36.20556453771277
1082597,0,71.85495210027781
2713100,0,-1.113895520490551
1043009,0,-107.3079464611319
3275449,0,5.124416257779578
1267722,0,6.489814936568101
2140099,0,35.81111606057682
508449,0,6.08497949834759
2560890,0,13.024403005847482
414663,0,27.280292074172003
2137325,0,16.32590631206168
1026027,0,5.931807722663493
2764570,0,46.714739710559535
835908,0,176.90813939488092
3300991,0,11.21707098908675
3236689,0,21.697515723680148
3318220,0,-6.451247391123266
1643933,1,28.948657313174998
3530046,0,89.05711878425424
876348,0,-0.7163177812637791
2461493,0,23.540314589764446
2888131,0,13.08613069498438
1953932,1,19.610635413415796
2149131,0,1.3209881754556956
554244,0,1.3595689711223269
407546,0,11.291822905190688
3937907,1,126.7134719032989
3145295,0,8.7899634874897
2430511,0,4.84855487904118
1053245,0,-7.827602648862528
3445446,0,95.35770144085645
2884474,0,7.376947875700243
958301,0,27.088766555986286
2181095,0,6.340973771166595
3194374,0,0.27099414408329264
983988,0,-19.91160479378868
1413964,0,13.082142463125747
3918303,0,-11.980416247087385
1989629,0,21.35788431428403
3363553,0,42.13157816818609
1347379,0,-7.629424480771926
1918870,0,1.4967196955854283
3477186,0,2.6908134199323612
1457793,0,26.56433913748298
375523,0,-37.22243436053578
2173389,1,-2.6972351657828346
1808869,1,14.954960175055197
2834251,1,151.5842367990747
2189096,0,20.282471554668884
501875,0,4.849173398736731
1157095,0,13.341064992383998
994627,1,8.195315662567612
3054665,1,176.07790881341035
413332,0,21.43783399187903
2209868,0,13.064861080589221
802522,1,-25.210421977342847
2609714,0,30.081447743841895
1585696,1,-24.357589596820645
1780784,0,115.89346855444967
2136592,0,20.92228268470043
1741803,0,-7.387823350136663
1847921,0,-7.398352972688476
2793123,0,1.2920979585484451
3101181,0,-7.6493927001063415
3196869,0,11.143671355364138
1812077,1,42.33052995056146
3868831,0,-36.91471087088329
307213,0,-22.2329457803997
690319,0,20.43495891172749
3153348,0,1.757890994119373
3807676,0,21.215354502161418
3236462,0,41.93139582568689
2216100,0,-7.533137594214183
1058382,0,-12.231684478138282
685402,0,4.5108090049505964
2466002,0,12.624558921309362
2771064,1,14.219021020506359
1691691,1,2037.068032471366
2016227,0,12.763927568368965
1053272,0,-89.89083467473775
2757930,0,54.61123412687504
435741,0,-12.643728909934058
2700207,0,6.510372939623398
1374786,0,-1.0372642013833808
2513323,0,20.718476376133232
2548061,0,1.6930740077875333
3117202,0,11.353184999313543
3740253,0,75.26825920376344
502202,0,27.12279978458137
384918,0,16.000452365854738
1159202,1,12.625473992257975
3702835,0,20.745442617749763
208091,0,6.092959837316403
2820158,0,-0.5364906945015762
1268761,0,15.768781353970285
3518550,0,-7.8766843524012025
1661357,1,58.95130160957892
515377,0,46.12265000186529
2849692,1,2399.21894183953
3009119,0,-7.681785936987972
211558,1,14.02079175141452
3682700,0,6.349103552990322
1158507,0,191.53127824470567
1682285,0,-6.203305691450375
2052299,0,6.321836127032852
936003,1,43.43688374554137
1347700,0,2.6215919165643156
1640119,0,12.876437464936727
522186,1,2243.795591368987
2126879,0,20.87321446191981
1771738,0,-6.849341296768646
2812154,0,0.2539161936986031
2198492,1,5.164049229915657
3800859,0,13.153232207006742
3748879,0,24.666702764920096
3398024,0,10.995897917803187
3893356,0,22.481869597066062
3124875,0,22.13317122426587
1940335,1,20.21527679137104
3731087,1,2072.406902032388
2892998,1,96.03488721392551
1667202,1,29.977819340070518
1437483,0,-7.863721042123283
3168532,1,14.03472972879079
2003798,0,-12.564637122998958
1737685,0,-6.390698765762626
1416320,0,47.25686511487888
2632976,0,36.316489458822026
559795,1,118.93637009496135
2454744,0,1.9616640114719979
3091645,0,-12.40458967080709
1730313,0,53.93890098741248
1438871,0,7.008729594061318
323809,0,27.515622343662272
2912606,1,67.32155730696473
272247,0,12.77170246021287
3294076,0,13.101835874367477
1764866,0,31.077304550832036
1401449,0,47.445678557514185
1824484,0,36.23220094305107
1762651,0,7.715461458273955
1431668,0,6.073907533672228
2163471,0,6.118762907942655
486980,1,2611.6565103588664
1428169,0,27.55127273351718
1948976,1,20.044845627960022
196465,0,5.0767733029549955
1468074,0,21.3850517488034
3679873,0,47.2719481943856
3171563,0,52.39443731041876
320204,0,1.1158820518638097
3302363,0,13.072137558380696
3331325,0,42.79080312154754
2441078,1,2067.102008562374
2565001,0,5.65287276202714
528101,0,15.750494527324255
432319,0,45.918507162643884
2510803,0,15.457304435351471
3958244,1,5.420964886842313
2608311,0,-15.810712117592743
450356,1,2052.7954984543835
966224,0,48.01635508830782
628951,1,16.37335950684537
214871,0,12.535985702259383
1196512,0,13.035585038144573
2531855,0,21.83219616477634
1100799,0,1.1629919232019916
548900,1,90.37508589830529
1070774,0,-51.541284805303405
825601,0,14.990221132436375
2179488,0,21.201271333512366
1576744,0,7.459902152540166
1665325,0,-1.2142399115219624
1595293,0,-1.0477450427757946
3450139,0,12.999079389744875
2063857,1,61.021421016905855
1682104,0,-6.3232981108029005
3370864,0,41.2101860483385
964758,0,1.0663323659778645
3497134,0,1.3050399257170606
1968981,1,-18.112123772991648
517879,0,-16.330388742326203
3167654,0,31.72112441355521
1427716,0,5.764406118556789
3280159,1,98.56878989689255
3702507,0,74.72400087042945
434796,0,-8.877996223017991
2980326,0,47.617742025986075
1393969,0,1.8999237101676751
474492,0,136.71217167039052
3209445,0,20.254230551233196
425681,0,-7.652889621952172
1405233,0,12.802394089081709
340332,0,35.67828085468139
3922605,1,5.519114753250341
1917058,0,27.642930871331068
961561,0,74.58173025382999
1145879,0,-13.452664387569685
1701673,1,60.131118737204716
3839575,0,6.228275719997522
3004742,0,12.973068269390797
3475070,0,1.4719782487622113
2178007,0,1.4132296841666512
252220,0,-28.23322254617579
1697872,0,-6.487350812309196
3249329,0,1.2118159994663846
347595,0,4.805150850015011
1544581,0,-12.164852288277489
3196678,1,-26.463979688794943
2144992,0,34.41482171834244
2264961,0,-12.109756425276508
2490169,0,19.0362963334363
2133086,1,28.329377039260276
539557,0,12.570265771131147
886116,0,6.299816613325712
551980,1,2051.1407698156613
605309,0,-3.0805985632148736
581560,0,5.016911661316117
1566282,0,28.023197959510174
562287,1,-57.041529454208174
3499781,0,21.7038423824571
2258829,0,21.191665077972687
1335799,0,-15.36305723247756
3388364,0,14.979561707827632
3007833,0,1.8208794677973812
518742,0,36.74523987284154
2747608,0,28.499330566979676
2034164,0,2.2712999155030453
1913813,0,21.498615126174446
3252837,0,6.096939604116145
2005606,1,148.13287848478282
3100963,0,46.91140522681039
3235261,0,19.51631283147382
363925,0,26.642838511883802
987443,0,5.902811922683339
374714,0,28.17245743262652
1664432,1,-17.83501782648782
678347,0,-3.182130500789364
3386793,0,6.1109097269319745
1151895,1,-619.4848500134788
400168,0,-12.130891222327415
1145291,0,104.06607773860328
2263212,0,21.451334632555497
1444710,0,13.71677279203114
332594,1,89.73532874805478
1432970,1,13.784259984374648
1609947,0,42.30385376536401
1482095,1,5.632408460135225
3011574,1,174.75598571564305
338612,1,237.707299320641
3726911,0,12.689216107170171
404420,1,2051.231074604274
3041263,1,42.23856615265101
3676294,0,55.45482439112342
846500,0,18.502612391333006
3754312,0,15.955328688737547
1061118,1,871.5715914257285
1204465,1,14.964640755425812
2223223,0,115.51051410847951
3666511,0,2.42437053296345
462656,1,147.20645436385948
3432282,1,90.33901936937059
3241391,0,6.455207071978974
1865155,1,2268.644645187523
1779680,0,-7.675489553550271
2754493,0,12.824386889369347
3341045,0,-4.646037817761963
2197230,0,13.050202642535206
2513482,0,21.522405543383783
1081351,0,-13.730921578070738
2931575,0,19.996267339911306
3443376,0,-59.248059305888525
1491516,0,21.31379223311373
3044105,0,7.769220543070304
381306,0,4.860261773098098
516135,0,13.127536345315892
2661558,0,7.781803524897527
3795710,0,10.782054628162586
2138869,0,12.589276423088881
2032015,0,33.38481679011936
2224212,0,37.63459800442423
1275228,0,48.26184055445253
3361824,0,16.147937446374353
1565755,0,37.15907817683811
1980468,0,11.548373714003228
3652784,0,1.3823587506866826
2476517,1,313.9958091980563
3413964,0,34.80894214510789
1447146,0,-10.090585047537287
1027704,1,34.30947846076648
455507,0,-3.241930166926318
3099786,0,89.16382903192653
1767746,0,20.983556342147047
982616,0,6.628293038737117
461728,0,4.688275544315278
2701705,0,36.56798652220962
1766382,0,61.355993962414495
297018,0,19.381772608242308
1819763,0,21.577040303081933
196923,0,13.198046968250859
2207952,0,12.836661315270131
1111459,1,-633.7148358724322
2558615,0,11.28493487943205
1419969,1,-17.77348847310887
1618197,0,6.454070272623176
3850046,0,23.902530843908394
424713,0,142.16798251311545
1144253,0,1.7032386293034691
821827,0,-12.024799566901125
1410980,0,1.6323569064319914
231972,0,12.764914619033613
1124382,0,0.0030679379937318396
2112143,1,39.274332689658806
3383133,0,25.821946143411292
820074,0,7.8486276772023045
3488103,0,11.39251257948205
3784289,1,232.93950953060923
3839167,0,-0.15456234363121613
1531633,0,13.875277520374107
635890,0,-28.867507323666075
3136742,0,-8.165250285067364
3424462,1,385.68894621661946
200506,0,4.874460096487003
3053830,0,26.1332880529572
1382904,0,21.00691721720322
3180702,0,60.83833370024066
1136703,0,21.047164356671924
1109989,1,94.86860101105188
3289241,0,21.605323125677337
1812899,0,13.884617710921296
3213324,0,4.580357006613733
2483290,0,1.561451035539755
813353,1,-85.25277354966117
1220828,1,102.45377969300722
813922,0,-5.981222760960131
2536681,1,13.856522502076034
1479909,0,34.419175627455566
1332234,0,41.702724822207905
722753,0,27.950525920222915
1339120,0,47.6734256634576
940773,0,165.56322383628506
2606298,0,75.29545289460775
809338,1,-17.79473493818924
3245844,0,29.445161114175118
1646521,0,31.224907391051516
3659591,0,87.70466368465384
2257620,0,12.990908837057368
3221044,0,-50.74344225695648
1068924,0,-7.32616831483302
3180438,0,1.1161340755306073
984931,1,16.877598080639295
3049362,0,47.32360167451059
1894115,0,2.4982564335085473
2186320,0,-7.780781908887359
1242255,0,21.340776440564003
3232791,0,77.99313848894406
1417545,0,27.267566628497867
1352877,0,-25.319707104358063
2186175,0,14.08407751092752
1226261,0,5.895170015034187
2482054,0,-7.095520545245601
803527,1,-512.0790441303125
1249693,0,-1.0928699612861879
1860485,0,21.333621178914576
2452302,0,44.95524854602743
535337,1,237.2205783649391
3214712,0,4.961901535145156
3800005,0,12.882324993116187
635765,0,6.386018138779733
2733957,1,13.854730682137248
1263360,0,7.56699714905977
2113814,0,22.090585983603695
535113,0,-2.8587277542202276
1445263,0,20.965444505674466
2651801,0,-11.529063516503527
1509859,1,506.6125311056646
2407384,0,61.353688968563226
2976187,0,13.036280163172897
2861557,0,7.684943584468945
727490,0,32.4543854477182
1854716,0,30.859013237180907
2490941,1,-1.4905073294678612
3944794,1,79.10832562542852
3730183,1,2236.9511869407042
2743804,0,21.086406038091116
2939558,0,55.01135872151175
2784679,0,17.3768961062465
3166430,0,4.7520980349011195
1910400,0,12.712206816639029
3351628,0,-12.446990805361523
3770757,1,-37.26722580041466
663039,1,469.06063267427874
1880414,0,21.027732669750172
2138955,1,13.908114668471978
2393326,1,2059.011430111563
2438781,0,5.9115139311090905
3284555,1,-32.76017420534596
1212676,0,14.74533977001015
3525765,1,5.285887690889096
720887,0,11.276828977967469
2058263,1,307.2350989280983
1360508,0,156.95403616241057
1678636,1,20.354006773670832
3013313,0,47.41515962391723
3362462,1,-26.41069250330194
2807630,1,2272.8949849727574
2269644,0,-7.252419953034277
1844466,0,-7.601811380114526
3719972,1,13.515355736016595
1305894,1,466.3227342623323
2849264,0,30.236779332209455
2526017,1,5.329146014644814
3517770,0,13.442982872336762
1572601,0,38.30700651513828
2928560,1,5.32272285034842
2002898,0,6.65892574155181
3909721,0,0.30145426826633426
3434119,0,45.94644410417743
257079,0,0.23011013433801156
2895303,0,106.92354103390036
1950938,1,-13.683979112585154
2743327,1,2246.3911345183765
1493190,0,21.75049609114633
2107306,0,16.426354640801407
3753695,0,28.37634897589338
527522,0,-55.891622879370466
957004,0,12.794559272062632
3231077,0,40.76665050915995
250288,0,13.873175098546426
3721285,0,17.409685043088494
2820905,0,19.634111887853763
2655298,0,204.52176638264893
2468566,1,19.347503421436738
753282,0,4.8035808427713285
3792501,0,10.57491271816395
3508398,0,-7.614010227921135
325262,0,21.45183069434188
1319779,0,13.613965994171101
2552732,0,26.278354686486814
3377528,1,5.249025406731526
256350,0,22.217761769568188
893160,1,-822.3210337061241
3496948,0,4.502534634972373
569933,0,-137.06875888607453
1648763,0,-12.301417386436892
3054684,0,12.815331325017725
1074784,0,33.641383586274614
3906150,0,38.79982993157069
1167490,0,1.8442173764748142
2511262,1,13.940170559452948
806572,1,33.10800592425645
1007441,0,-5.811186699369317
2255373,1,83.4633539835364
700130,0,21.970463374149695
1994605,1,2243.385973402661
3746362,0,-0.26918390086944666
1289030,0,23.377851212274496
2595307,1,-604.3214217094655
1963987,1,59.61268292790157
814391,0,16.086700180978355
3949704,0,20.496824304429257
3294450,0,27.64190775003662
2550205,0,6.81911483341671
937159,0,-12.22165885298247
1832704,0,20.122444232243616
1739307,1,76.44117078587702
3031440,0,164.78151280222121
2020765,0,7.882187865985968
356378,0,6.508949973911042
388152,0,19.881500762239106
1910404,1,50.40649302231972
1988995,0,26.06574321384233
1761856,0,31.184553173790974
3370073,0,30.725582813178942
1889624,1,93.18792837438568
2753837,0,27.637899483111276
831754,0,11.189772443584467
1649364,0,27.52181337377787
2882605,1,81.3185823029908
3199319,1,13.950754086726999
1425329,0,0.06108922905443085
711205,0,12.385073809041318
3432900,0,20.507096348823502
1808569,0,16.077618036724882
1019734,1,69.50201718405201
1370196,0,54.01856130332808
1909513,0,12.821722486171545
2700012,0,-12.415804313175938
3837055,0,21.46194057662132
646311,0,11.18429359583609
2818788,0,-12.355729389743914
1729519,0,13.15491954186276
2130841,1,16.831233731774713
2602963,1,-614.7503091913228
1724600,1,-31.98757215576809
2763572,1,28.926873330232524
3771347,0,13.273610077959923
925531,0,27.49054580716999
3431179,0,21.025853544664837
1721840,1,473.193220405629
2554549,0,12.919098340506817
923699,0,56.37883575773654
2821157,0,-8.123109285651477
3009046,1,2059.1298790018614
602016,0,25.35020969487377
3908627,0,-130.544362544566
3340317,0,-16.57993453063235
2850128,0,0.8531683357557815
3778997,0,24.26531932349052
356207,1,385.5936740634059
294576,0,4.928945791699416
1697122,0,-45.06823516022418
3072483,0,35.86789419369649
322832,0,218.53140030340023
2013820,0,1.4918725850948829
707048,0,6.19897338843411
937739,0,12.947657997789928
3155987,0,4.662301010087802
1906904,0,20.996658907654815
1292976,0,54.27738786120104
1033726,0,42.12619956327257
2269333,0,-15.350703571175131
750432,0,26.327827766251453
2560121,0,217.4696509460855
3699145,0,87.86244230325588
1238292,0,12.773675536151305
2006472,0,27.535184683616183
3389486,1,13.956592019850502
659116,0,4.650484671427645
2725065,1,27.821183360105895
3544499,1,14.128406444906451
948017,0,39.773922946797526
2548182,0,-777.1332569649582
3258536,0,-21.62766165794153
2907625,0,5.897517289294075
534093,0,-3.8948078323459487
849722,0,6.352696375327188
3383618,1,28.28735032355397
1343950,0,-2.5745207156569205
293801,0,12.520967502454186
2105057,0,-37.036879851616455
230336,0,6.7130061900839895
1213081,0,27.62214424388478
1152419,0,27.38827696408267
3138352,0,34.31964658345767
2992161,0,2.176862629878765
1787737,0,21.067505244943167
603930,0,17.453176234123852
2724078,0,127.92323876431365
2243993,0,6.589000466948828
897770,0,39.07238547630242
1854457,0,-1.0008173625192187
1693593,1,13.534284622710327
1077749,0,16.458754548785258
2051434,0,-12.147684235011946
3174088,0,-27.29912700220572
617267,1,89.88229210761014
707600,0,15.56905118331343
1950003,1,-2.0934449289118575
291363,0,46.20084318480377
2756994,0,-12.17023884104
504334,0,6.583246270698367
452642,0,21.153802854143642
2160218,0,14.602234266974094
1916032,0,25.431184985461993
1515661,0,-0.9416749779846967
3036054,0,-7.572718261093749
2433559,0,20.258386554998467
515943,0,27.50233128451008
3439709,0,62.47421462126178
3014530,0,13.190609964113259
643385,0,15.814957422982584
1760527,0,61.90486955133704
3176608,0,15.629583933675754
2918210,1,14.578390516877842
3655790,0,6.011148885767792
244874,0,52.47722732970502
1081776,0,204.4104982740432
623136,1,121.88529226479817
1473519,0,-7.646377534717637
2512476,0,6.463363878746117
252816,0,4.3508855016377925
3879443,1,-197.356608050397
2845893,0,41.75737386521288
2731174,0,26.435064687534982
1048815,0,27.50917820582865
3464319,0,-8.001560557430944
1247536,1,328.8417863449881
851129,1,95.18298141134773
2622050,0,21.111689661326047
2688561,0,115.59355715203867
3281774,0,46.9793156720309
960296,1,16.229370464637306
1663210,1,14.599665326782056
2393508,0,27.673004103123354
647143,0,-4.794310362410791
873131,0,50.59357906587137
3108325,1,-22.511030399495176
227726,0,5.998892218216312
1394494,0,12.572972846522978
1641356,0,-1.1897874032357305
2494400,0,14.150084884937682
493407,0,-158.36304039424292
3881542,0,13.108501912228348
3439092,0,-0.32560060010614683
2855390,1,14.66348676285331
427126,0,26.34198280427604
2245182,0,-1.0016466942128477
2451921,0,42.33277220491737
3414312,0,-44.7297070315632
3196003,0,5.9053535308329375
2233069,0,59.37811314770089
2843258,0,15.383056165135997
1784505,0,17.423740195680036
1345929,0,6.652032990104018
271702,0,35.76958701955142
3775789,0,-14.86888970176622
428200,0,12.624927442447134
2253956,0,21.188690364142328
1548694,0,21.700809136576662
836982,1,42.60366210294209
466657,1,62.023099901661666
1134355,1,67.18439402290299
2707274,0,27.747798521409315
1318618,1,114.66733053905966
1390253,0,6.463309925584767
1873713,0,14.48763169539756
2272819,0,21.329412508229385
2157050,0,30.33539360641494
1514686,0,21.698830295827968
1382246,0,23.981317180949304
3809909,0,12.872856767755753
1019918,0,35.94622139262505
3344344,0,-0.9929073044364045
3925331,0,-7.544718822013906
2698675,0,32.56454691950984
2543137,0,12.862372351953475
2248983,0,34.27186916386146
3113341,0,21.177097726661195
2062494,1,5.567798195390315
2599544,0,24.522500989461687
2060321,0,13.834951969527836
1667355,1,59.43098221364465
3049363,0,27.023655775745087
3517657,0,21.635336548611765
3162592,1,103.87002919244685
2710581,0,2.262384025761976
3852981,0,27.148520160214467
3377402,0,-51.473444211786955
3912671,0,20.59734336065126
2878393,1,5.412621565042647
715804,0,2.489009002998038
1012934,0,-21.391602550849658
3423441,0,20.115092289676166
3110695,0,6.3929261356427345
1218427,0,7.4302524536571894
1955345,1,-571.3343807396401
855551,0,6.348835042564588
3150241,0,1.6217641342146742
1008015,0,2.203877347508623
1532738,0,6.223528870981742
3859595,0,-37.08043335175795
1954557,1,19.5065334006116
3064603,0,20.218362076407892
1788283,0,2.479322476816335
644246,1,143.4421452687487
2628823,0,39.34534959246405
2911736,0,-13.79746599233489
1274979,0,11.64778909303799
720126,0,-150.80631440852036
2028867,0,3.6731597215204985
252345,1,98.69358352431732
2668294,1,14.032195155619407
591123,0,-0.20853927813085665
1786159,0,12.747613223955899
2553290,1,299.44466953677403
1515083,0,-16.98772947872826
1025678,1,95.49762468553911
2031659,0,134.24576776313535
1442298,0,6.355527678835833
756987,0,22.69161249746436
3212301,0,1.6430321965590626
2918134,0,12.37048522384439
674557,0,76.78745434051451
2909354,0,6.354484213532453
1996246,1,67.13032401212516
2990163,0,35.55579816229743
927442,0,12.732593990669983
2683719,0,7.5487012541037695
2692382,0,21.567790007650242
2504186,0,-29.864202839674935
218070,0,4.586531347978671
2107397,0,-30.47420795212894
1752506,0,7.878360378157085
3098075,1,95.4602951500895
932215,0,5.866305523537977
377176,0,21.47645635844281
371458,1,183.53689729944347
989232,0,21.66164615223289
552693,0,42.0317906649118
3413587,0,-7.175789526015419
2127587,0,-37.04292789200264
217793,1,120.99556947108678
3905759,0,-0.06551155091745875
3376004,0,-42.63752015861855
264406,0,21.357509705766663
1354372,0,-14.881548158053329
875573,1,30.711178328256118
605783,0,6.380548435278516
983778,0,-6.26421168098996
393341,0,7.625448487377175
1582397,0,7.46515024391903
3116800,0,21.614022799829243
3725584,1,125.41444835000918
1078188,0,53.97967078417987
296798,0,4.925596176188222
2696535,0,6.553417455101025
297351,0,-37.459992322672036
1435108,0,-12.285369384122308
1428312,0,6.048130482401165
2966576,0,15.876701950461216
3156405,0,12.855803880180632
932725,1,8.124524701219414
1080025,0,-11.530155426392398
1608459,0,61.764958777982365
1850003,0,12.837659197848721
2158997,0,21.16352390209223
554453,1,237.72838540866178
3935169,0,35.72395894815809
3333277,0,-37.74170089013333
3260859,0,-16.772255624643854
537886,0,1.8513660330193797
2111675,0,13.271212438952306
3264783,0,48.0228657533334
2466752,0,21.665276730130536
3448732,0,1.6588774033184104
3678439,1,65.54346298336274
2275485,0,89.13529732475945
3206862,0,-2.8416574550806835
2806674,0,6.288976380798061
490122,0,2.812721981902688
2458947,0,-0.4695157104946703
3910139,1,322.8441347037283
1121783,0,10.348448670695799
244651,0,8.054793120118173
601723,1,316.58607205305145
1719808,1,473.44909281788193
3757471,0,12.728809777044056
1571367,1,-10.28017814694366
1113165,1,-37.123708648459775
209376,0,14.81862867797335
3921735,0,-25.910546384910333
3039911,0,-15.000933187190906
703127,0,-8.93874016878501
1980749,0,-4.2909360483369
3502112,1,65.75791804458979
3426631,0,-43.86681024090016
2701093,0,9.454234449273015
3488774,0,6.778695058446149
3544354,0,15.542723857531493
1431081,1,13.786066923016692
1645688,1,13.199691222865354
1895921,1,13.737428662298479
3103125,0,48.621205625990875
3768956,0,2.6998173621794814
3900061,0,18.209079080461944
2392339,0,15.490852875461398
3251723,0,-7.8228341929589815
3354325,1,76.27083483121652
1940063,0,6.4536468720792195
825132,1,28.524231043104773
2676226,0,74.93843930273205
3931181,0,27.590618421295556
2148090,0,36.08444081913596
3751667,0,16.122091634906745
2524221,0,-18.05927555221672
3143506,0,6.292075154742742
3425421,0,5.022675704944658
411555,0,13.036348336150013
1885309,0,38.16517257891406
2530013,0,21.35670182089996
2668412,0,35.70677682926875
2506792,0,1.2139709219290327
483865,0,100.08005736617767
969142,0,16.158727282805643
2840769,0,24.783833473381993
1412181,1,14.866060185776563
1082258,0,60.65270173670045
3785545,1,15.500580003733322
302075,0,197.97194942867057
595805,0,-42.10445301752265
1518121,0,-15.025020612863692
2061161,0,-7.508788010418669
1938759,1,-22.875606475914577
3226018,0,25.096068472346015
464118,0,6.064404191038648
634114,0,11.809985262667823
2933581,0,16.51702540526551
1904470,0,21.016973551851216
1850403,1,328.40515903314287
1235560,0,27.55167486155488
429333,0,8.797933715452142
1532371,0,-14.876997963805877
395000,0,12.605628971518117
3080497,1,103.83435653028937
1168077,0,20.463366197680568
2833132,0,6.045568123597579
3419370,0,19.338172795709475
2480727,0,-12.11156475542164
743187,0,-0.6821482301303191
1465808,0,12.8656196800742
2206525,0,-4.479121591633465
1526594,0,6.423447932276083
1124589,0,1.8094218787596927
3408642,0,76.8838557263165
918868,1,28.797808126723798
2936872,1,14.180306935178535
589116,1,473.9937397561304
600785,0,-2.014662412033806
3737539,0,-27.925311011707937
3315801,0,-0.1872408532482962
3073075,0,-6.836311785213952
1234100,1,14.384726114738156
3508466,0,99.44229447448545
1278239,0,149.9311145413438
1473778,0,6.149316660972905
850842,0,32.86103340619663
233772,0,4.886807590234905
2890601,1,2266.370521004318
3070314,0,-6.670569194571867
3380558,0,83.97147554700976
2606585,0,-7.388008457770025
1079811,1,-220.72015838190535
2465898,0,35.185302289343696
2582733,0,25.951033323688726
3239847,1,168.00746159852105
1233705,0,11.358880838829743
1297630,0,12.739761763121164
462335,1,169.55388433124355
3806859,0,21.173833339856568
2675627,0,116.07528675129994
2759436,0,4.640952757112772
2272885,0,20.897113950148483
1490811,0,13.081095531540367
2196063,1,8.19638283212699
1982230,1,1.0511068688946503
2930072,0,76.67980052509897
1935645,1,-1.8471279400402842
452586,0,19.92020923352476
1859141,0,26.275631082029285
2800800,0,-1.2795487063564597
720895,0,-7.615792798899747
3694538,0,12.882433082486735
1046642,1,-9.043677192301793
2997699,0,5.8170240373932645
1942878,1,35.015352974020225
698641,1,2058.8961365163314
449598,1,10.876972688839942
1914532,0,35.554318655447005
3725293,0,9.024898688520384
2861894,1,609.9065617126851
841193,0,-30.567265635576785
3469941,0,21.701786522726966
340721,0,4.860160948349649
3714205,0,16.052937027501198
2665938,0,27.936919011959915
1008212,0,35.7291353089818
272819,0,8.913263482627306
194782,0,-13.803091831992504
481820,0,4.3441696490220325
3379801,0,6.251985599189231
3863161,1,125.46918859190355
2417556,0,5.876748659732889
3015248,0,6.49813996818459
3364049,0,20.519407538203133
2017154,1,5.029209675772796
2162312,0,-10.093406484434894
1633640,0,6.362972438294049
1761189,0,151.0583211739577
1594253,0,-9.45874697895532
1404771,0,13.202596159940715
1660423,0,-9.041911114753038
474622,0,4.266369783670176
3336674,0,6.078301649851879
997127,0,41.86069346560337
2577173,0,-93.29892656781443
2902061,0,6.143655726814179
873052,0,-13.455970536780864
2489788,0,19.998027316332447
999492,0,21.092696340176534
2013469,0,21.780161232156157
1824557,0,14.630844644452988
1661608,1,102.30937039171174
2442403,0,142.3696782328519
2948112,0,12.527777437623229
2174404,0,-7.555452423339212
2916189,1,95.73562582408977
1956628,0,13.620842852318528
2801219,0,1.3792640649232495
1605869,0,56.96488948080151
2568718,0,-25.937828318859008
2770458,0,48.65040832050786
3236820,0,36.42357665134102
1979243,1,-6.63335350929362
2803734,0,6.149470872062587
2432657,0,37.25083779510532
3886040,1,14.30306530927318
416966,0,30.840821613794777
2012645,0,49.06001737032075
3682739,0,27.48322604258114
3330107,0,12.922271927643274
1191993,0,12.911168585239118
3064632,0,137.12316587574728
3115598,0,-2.5847702751251216
1474557,0,39.859014511663325
2002756,0,100.82677799235901
1937839,0,-1.621140863391756
1692600,1,12.330868923494833
2891956,1,104.7882240746337
1470799,0,27.518339188647417
1640941,0,-7.238108414083611
1276158,0,-1.5611143777790244
3749301,0,13.29578293225297
2760088,1,15.410555245033171
3165624,0,27.32412649058287
1029625,0,22.555671486445238
2581256,0,18.371257075235523
1562840,0,188.67694789838828
335790,0,-7.797867498252429
611355,1,171.8701942133669
2059388,1,-29.522058584634628
1386366,0,28.116632472401466
3389546,0,21.671260525097324
1549263,0,1.9054625851297822
1335386,0,-1.3106107358826606
2910053,0,30.039827008208118
1966626,1,20.398548303022928
2503357,0,1.6833854568730333
1337917,0,7.8353395940656005
2643788,0,35.62442687119718
232304,0,11.456195968144709
1721348,1,13.00999881154514
261011,0,25.523337348186885
3116167,0,11.402597630691467
1933911,1,-13.522406996946291
2794291,0,13.186376585361721
3507590,0,1.7160990280949957
488028,0,62.86811534791307
1255774,0,11.515857833400409
3275476,0,-37.44702628446156
2906446,0,74.55283407463146
3102726,0,6.000714373477297
848390,0,-8.511798725048951
1013502,0,-18.311438573898688
3892066,0,14.387820577637518
550257,0,20.99798881600375
3712052,0,1.5675408059598397
2411438,0,-37.41288429912837
1033391,0,21.26592159513183
598463,0,4.745426890177999
955898,0,-7.696316656363227
2401811,0,-12.978367030732988
1268853,0,21.38896331304871
3757333,0,28.91614366213333
560963,0,5.375468533583125
3145184,0,0.0857777100756005
