,sample_id,y0,y1
0,1148283,17.939552474261944,18.35919570425971
1,1156667,31.741905970476562,32.48850125842558
2,2547810,5.965572495097991,6.109965409798789
3,1287632,17.831069105419758,18.250712335417525
4,1721468,12.11779393246992,12.400713157703722
5,454615,16.11340781521026,16.493254391183026
6,1367788,1.8894858460799573,1.9284045315916991
7,3890255,8.268786165978522,8.460125893318468
8,2980040,1009.8215590531573,1033.4979436155695
9,1549493,17.970524003967622,18.390167233965386
10,991962,10.153581638493948,10.38945299118723
11,3951486,31.930206954661717,32.67680224261074
12,3901998,17.968645905895237,18.388289135893
13,1493019,3.0723343631127418,3.1415753400644957
14,2852432,665.1674831050346,680.7661697800963
15,1858108,11.263112892832725,11.520005086064126
16,2810953,31.665181196518578,32.4117764844676
17,1935687,7.467932774174176,7.643615653999888
18,980877,17.7455247215928,18.165167951590572
19,3106729,6.450027480189018,6.605426346793282
20,3201668,9.797607669567457,10.033479022260737
21,696534,17.700498303092704,18.12014153309047
22,1498483,17.55901336505167,17.978656595049433
23,3670071,1.3818693862522713,1.4207880717640131
24,3166262,18.11334108751368,18.532984317511453
25,2276278,9.09780171039353,9.311304322341023
26,1256271,31.650342173615602,32.396937461564626
27,3386283,56.65027959776039,57.97856153856669
28,991548,21.10455383020117,21.596432391266728
29,1129786,56.43832903689354,57.76661097769984
30,2235287,179.59744250676098,183.80180656687347
31,3197553,11.820009290592447,12.096482383128636
32,3409311,8.973761979527707,9.1872645914752
33,2486654,7.223452200689037,7.40560066736853
34,3098612,665.1161314450496,680.7148181201114
35,3780370,17.998540398389498,18.41818362838727
36,1563418,31.545001591187372,32.29159687913639
37,2932943,10.213300112250762,10.449171464944044
38,1911417,17.471056759787032,17.8906999897848
39,1011548,32.199867797294175,32.9464630852432
40,2676226,31.73495700033723,32.48155228828625
41,1456778,9.963762630006336,10.199633982699616
42,383934,31.862097200668725,32.60869248861775
43,1246257,17.733402402505888,18.153045632503648
44,2194579,101.07903374154941,103.44220551982168
45,290668,665.3436678015593,680.9423544766211
46,740846,18.143185328799873,18.56282855879764
47,3776794,31.96239872645577,32.70899401440479
48,3076301,4.883352745031597,5.006540690004378
49,3678976,2.999526620553053,3.0687675975048063
50,215399,6.8330273853597125,6.988426251963976
51,3153722,100.89440685449644,103.25757863276873
52,3945514,5.7022656542888335,5.834843260799139
53,2248779,101.04308988035582,103.4062616586281
54,1715445,31.728523189858237,32.47511847780725
55,1373459,9.121027908288847,9.340193934747296
56,851172,7.034352787796602,7.189751654400866
57,3840052,5.201591006209943,5.324778951182727
58,1286362,31.517807457284174,32.26440274523319
59,1474939,10.140899555644923,10.376770908338203
60,1759925,31.614212921159787,32.360808209108804
61,3431234,210.1430685341125,215.0711512392592
62,926170,1009.5174177311501,1033.1938022935615
63,1746667,31.988800706594805,32.73539599454382
64,3917199,28.777240722611428,29.453033023052768
65,1752223,2.993018459193532,3.062259436145286
66,3015267,9.242444605776324,9.455947217723818
67,3204414,9.93674690979002,10.1726182624833
68,612469,31.59434438387495,32.34093967182397
69,3934554,56.38556091603829,57.71384285684458
70,570190,17.871664522296296,18.291307752294067
71,3891268,56.699867317066534,58.02814925787285
72,2994315,18.20771582608011,18.627359056077875
73,1729495,28.8304497826888,29.50624208313014
74,1055058,1009.6494807527852,1033.3258653151972
75,805143,24.377319959757575,24.950573519602514
76,1422373,17.800033298128398,18.219676528126165
77,560206,56.475231005997216,57.80351294680353
78,2443531,17.780359527657897,18.200002757655668
79,3429265,56.65252156484329,57.980803505649604
80,817377,23.749458526457,24.30554136039804
81,1210599,18.15806205916991,18.57770528916768
82,3193797,1009.4192218574836,1033.0956064198956
83,696111,17.991761329248916,18.41140455924668
84,840468,17.876917657416996,18.296560887414767
85,2487814,31.75266935819441,32.49926464614343
86,412665,100.81125299289688,103.17442477116914
87,3270776,10.056749245465996,10.292620598159274
88,2947259,17.535050705192255,17.954693935190026
89,2839548,32.01117767990616,32.75777296785518
90,3676910,9.201671593657746,9.41517420560524
91,1197007,17.897781785686103,18.317425015683867
92,2761405,1009.6253345996643,1033.3017191620766
93,3472069,31.85526558768307,32.60186087563209
94,1575913,9.642810713365746,9.878682066059026
95,3220628,9.308986680482366,9.522489292429864
96,2779355,56.634883445917566,57.96316538672388
97,2639768,1009.6974870265664,1033.3738715889783
98,676330,10.16145651938434,10.39732787207762
99,3224504,100.80879074579443,103.17196252406671
100,1234610,31.762705873998126,32.50930116194715
101,875286,37.18299145055197,38.05810199609
102,366109,3.533792839746197,3.6012445779187585
103,2546404,32.02866236430922,32.77525765225824
104,670595,10.121089411648262,10.356960764341542
105,2569840,2.994954777963223,3.0641957549149774
106,1389157,9.1178480570656,9.331350669013096
107,506194,10.053768263074238,10.289639615767516
108,1228529,56.80718029763053,58.13546223843683
109,2547117,9.131343597966143,9.344846209913637
110,876304,17.548381681807616,17.968024911805387
111,2808150,17.797815830452002,18.217459060449766
112,2748481,1009.2864459070987,1032.962830469511
113,969496,10.018423947850517,10.254295300543797
114,3809640,17.97315372470607,18.39279695470384
115,2561584,56.873732640157634,58.20201458096393
116,3753609,56.820029509457996,58.1483114502643
117,3389813,7.0923469350994255,7.2477458017036875
118,2551417,10.172093206096076,10.407964558789356
119,741703,2.9142357155358547,2.9834766924876086
120,3344502,56.590154049793156,57.91843599059946
121,3407655,17.392791212834602,17.812434442832373
122,3701372,9.896919306024207,10.132790658717488
123,3276921,9.996404556563457,10.23227590925674
124,2989289,11.685807205729775,11.962280298265965
125,2415693,24.60485807833941,25.18140620670363
126,318389,1009.721357589559,1033.397742151971
127,492488,9.220353400806768,9.433856012754264
128,1885577,20.93405195901053,21.425930520076093
129,2176665,31.94316757113186,32.68976285908088
130,1764838,6.57288548715103,6.728284353755293
131,504671,31.59463786526147,32.34123315321049
132,2970690,66.31520194510338,67.87212783602423
133,1322192,31.725576159798518,32.47217144774754
134,2985343,6.518648075112704,6.674046941716968
135,2265360,17.854353466844742,18.27399669684251
136,3072590,9.453129693471203,9.672295719929654
137,1878827,31.89026469185264,32.636859979801656
138,1897533,18.008614676518487,18.42825790651625
139,923144,100.686857939288,103.05002971756028
140,2175723,1009.6830542376364,1033.3594388000483
141,2582530,6.217645448142235,6.373044314746497
142,3204202,10.131688388486005,10.367559741179283
143,1363239,16.081886083145275,16.471808548076392
144,856712,18.000347086610454,18.41999031660822
145,2242485,31.36311781542271,32.10971310337173
146,3127837,17.80788200038976,18.227525230387528
147,3341406,17.856693379056296,18.276336609054066
148,3512622,5.156292124106901,5.279480069079684
149,3008836,21.37287782641586,21.86475638748142
150,3185168,13.366539742240304,13.671387044466623
151,3113996,9.107969172022306,9.3214717839698
152,1370305,56.864024752311295,58.19230669311761
153,2266233,31.931153081877433,32.67774836982645
154,3341211,664.9915876394888,680.5902743145506
155,593818,31.697266952754635,32.44386224070366
156,3920588,31.781627614888077,32.5282229028371
157,3365885,31.964911132328076,32.71150642027709
158,3857499,10.231464344807694,10.467335697500976
159,2218244,21.20764963881226,21.699528199877822
160,3370454,20.874366832116976,21.36624539318253
161,1444849,17.78687026778527,18.20651349778304
162,2612269,9.923172231820457,10.159043584513736
163,1356777,56.97589359825914,58.304175539065454
164,2257096,56.533875365508386,57.862157306314685
165,2747229,17.789901243960102,18.209544473957862
166,2622558,100.64653252168915,103.00970429996143
167,3745345,18.313389517297665,18.733032747295436
168,3926755,18.116054971176872,18.53569820117464
169,221805,11.90680924697377,12.183282339509956
170,3051558,17.973960504481504,18.39360373447927
171,1838410,11.452178634765179,11.728651727301367
172,3333456,31.98595180759129,32.732547095540305
173,1229475,664.9073296736008,680.5060163486625
174,3423685,9.920338773621417,10.156210126314695
175,3335328,18.229957296630012,18.649600526627776
176,2639753,101.12409990076578,103.48727167903807
177,1684439,24.080879700022788,24.63696253396383
178,2857694,17.84623575133851,18.265878981336282
179,3200888,31.657043947640066,32.40363923558908
180,2390656,4.656655559537623,4.757870094406336
181,1743021,31.892920016525586,32.639515304474614
182,2744295,17.962328592243622,18.38197182224139
183,611500,31.843990345375644,32.590585633324665
184,2414226,1009.7982319367501,1033.4746164991616
185,3354049,5.2060200640268555,5.326024740103417
186,3750881,31.79076754165105,32.53736282960007
187,1480722,100.67109906537632,103.03427084364859
188,1816642,31.517787313299607,32.26438260124863
189,1470981,1009.6895496248154,1033.3659341872274
190,1321041,56.46143019586031,57.789712136666616
191,1584918,10.058476292185071,10.294347644878354
192,1110351,3.417974100620847,3.4991338803460765
193,478220,31.894989940466086,32.6415852284151
194,3341245,18.000286813734647,18.419930043732414
195,2811436,664.9630244986912,680.5617111737531
196,2109589,17.828666575886594,18.248309805884364
197,1443028,31.813757910558962,32.56035319850797
198,1909266,18.02381514618353,18.4434583761813
199,1470768,100.70471518268408,103.06788696095636
200,2962199,18.12979076932461,18.54943399932237
201,1423492,31.435946072354437,32.182541360303446
202,2629757,17.98221337744578,18.40185660744355
203,371125,1009.5868744273376,1033.2632589897496
204,1726733,56.87456115034753,58.20284309115383
205,2151797,31.508867058665796,32.255462346614806
206,958386,56.39896450728934,57.72724644809565
207,2665924,100.38854755562578,102.75171933389805
208,3254042,5.612837991333993,5.732842667410556
209,679525,31.82520519650125,32.571800484450286
210,1032238,100.694787387305,103.05795916557727
211,2712312,31.75313314067597,32.49972842862499
212,470201,100.71214057949831,103.0753123577706
213,870532,100.74777459062132,103.11094636889358
214,2198928,56.835924288060724,58.16420622886704
215,2194575,56.22284658318338,57.551128523989675
216,3523118,17.946510094672462,18.366153324670233
217,2783879,1009.5761566763961,1033.252541238808
218,3283655,1009.5507460267937,1033.2271305892052
219,828509,66.00065879148252,67.55758468240336
220,2638584,32.06316827488847,32.80976356283749
221,551400,32.040946445812466,32.787541733761486
222,1566407,665.2407145613847,680.8394012364465
223,532231,5.571219338290689,5.7037969448009935
224,1485833,10.084458020148222,10.320329372841504
225,3076041,56.66149642275877,57.98977836356508
226,2690394,664.9351747359557,680.5338614110175
227,537025,18.086153553326138,18.505796783323905
228,1085699,37.802525926675344,38.677636472213365
229,355244,17.95670436443064,18.376347594428406
230,1102757,1009.6866650209716,1033.3630495833836
231,1770405,100.90540732093449,103.26857909920678
232,649002,41.20395046925249,42.168872901702784
233,2000407,17.55103285558972,17.97067608558749
234,1349123,17.96446967157857,18.384112901576337
235,280032,9.911339953979617,10.147211306672896
236,2612062,10.167962245275351,10.403833597968633
237,2203906,28.79430191389573,29.470094214337077
238,1560608,18.00077561518581,18.420418845183576
239,2550812,31.901189908337642,32.64778519628666
240,2149857,2.9287005397316186,2.997941516683373
241,1344253,0.4813273912505522,0.4957394422165228
242,3789404,32.071224688461626,32.81781997641065
243,1223278,17.977578435381265,18.397221665379032
244,2003595,17.952532748652786,18.372175978650557
245,3656296,56.48955554721638,57.81783748802268
246,1120446,100.6837125434337,103.04688432170595
247,2552224,210.17637847700863,215.10446118215526
248,2690832,8.70515532312263,8.918657935070122
249,2738651,18.020707624650093,18.440350854647864
250,3877199,7.897509603796028,8.079658070475523
251,1331288,2.7820183451706,2.8512593221223543
252,263713,18.47825464740929,18.89789787740705
253,1863856,5.82423567683446,5.956813283344767
254,3297744,31.89058405214668,32.6371793400957
255,3672377,32.01702781320799,32.76362310115701
256,2545079,9.883108068313367,10.118979421006648
257,2716167,4.408322223390674,4.5107034895603375
258,1494978,31.67535313824337,32.421948426192394
259,2617339,5.8833506251609515,6.015928231671258
260,2595308,661.3110460531686,676.8205971651548
261,2967535,1009.4122323647728,1033.0886169271848
262,2874382,56.60178901072421,57.930070951530524
263,2247177,5.505367347855437,5.637944954365742
264,3432394,10.283143649580301,10.519015002273582
265,2152770,20.789409011940453,21.28128757300601
266,3502746,1009.5367249763782,1033.21310953879
267,1284148,18.029409317513846,18.449052547511613
268,819323,13.572617026709006,13.885177794702056
269,1830836,56.6077756021101,57.9360575429164
270,1498071,101.31514956733879,103.67832134561108
271,876358,28.718088712697107,29.39388101313845
272,2770159,5.3993181745973,5.531895781107607
273,2610342,1009.4534220528784,1033.1298066152901
274,3745107,2.6381553423742914,2.7056070805468524
275,1047178,10.28462350615737,10.52049485885065
276,3725452,31.818112845252646,32.56470813320166
277,680133,16.290596393535502,16.67044296950827
278,3701913,9.269698202634485,9.48320081458198
279,1396201,32.20613869484709,32.952733982796104
280,2168676,4.433921557552169,4.536302823721832
281,3662174,31.920259641013175,32.666854928962195
282,1742473,109.66897944913481,112.24275695187528
283,1283541,100.4600720266945,102.82324380496678
284,3931504,10.163289753213855,10.402069473490947
285,2827173,17.82566006073312,18.245303290730888
286,413332,10.083085445325027,10.31895679801831
287,3762165,100.84929049169222,103.21246226996449
288,2118710,12.134568809873162,12.411041902409346
289,824021,7.3163122763821145,7.491995156207826
290,2787072,6.8657655451737645,7.0211644117780265
291,2601365,31.773169637759512,32.51976492570853
292,3897946,4.864926715001839,4.984931391078401
293,3001544,10.386772192925152,10.622643545618432
294,3106653,10.307711399965726,10.543582752659006
295,2537278,56.961241084424934,58.28952302523125
296,2595113,31.95601576360384,32.70261105155286
297,718799,31.523734343508504,32.27032963145752
298,647492,1009.70816583886,1033.384550401272
299,2201876,37.211376923031246,38.08648746856928
300,2142026,10.441056293704746,10.676927646398026
301,1532380,57.00737924276065,58.33566118356696
302,806778,42.24016358567592,43.229501179736296
303,824592,752.474004695292,770.1087677824165
304,3542145,31.68411436324127,32.4307096511903
305,2493592,17.972726547715038,18.392369777712805
306,224156,18.037707366554564,18.45735059655233
307,2215942,17.978026679567034,18.3976699095648
308,2018371,17.687957127959834,18.107600357957605
309,2169688,665.1605508000949,680.7592374751569
310,1902209,109.43875047282349,112.01252797556394
311,1237746,32.31848729619565,33.065082584144676
312,3401857,1009.9185471583618,1033.5949317207737
313,2650054,166.2682281844727,170.17482283582825
314,283836,18.098209142115593,18.51785237211336
315,2278995,61.85816402694787,63.3053171071949
316,2936460,17.96807814563646,18.387721375634232
317,1561777,665.420048020204,681.0187346952657
318,3000858,31.59678211949114,32.34337740744016
319,953542,9.828404763126043,10.064276115819323
320,2986402,18.218824604126944,18.638467834124707
321,2282593,9.873698152914091,10.109569505607373
322,3243965,56.38445025569565,57.71273219650196
323,2869185,31.753608845959626,32.500204133908646
324,3501177,1009.4725836428494,1033.1489682052613
325,2064626,1009.729048542608,1033.4054331050197
326,2808776,100.74186135365831,103.1050331319306
327,1276354,31.767992394915023,32.514587682864054
328,366864,9.1356354275367,9.349138039484194
329,2053978,17.536144410426214,17.95578764042398
330,3687436,9.115251494354931,9.328754106302423
331,1566711,31.60124169729572,32.34783698524473
332,1290120,31.906574223684522,32.653169511633536
333,3436239,20.80571791499229,21.297596476057848
334,1573204,31.772344216309477,32.51893950425849
335,2833363,6.51797307104247,6.673371937646732
336,2668047,17.99177468941232,18.411417919410084
337,2611750,17.974051585656703,18.39369481565447
338,702363,18.18778513641752,18.607428366415288
339,1314734,31.573234063214546,32.319829351163555
340,3389243,56.63634003639143,57.964621977197744
341,3724611,9.80443719857548,10.04030855126876
342,3297602,5.700266760073769,5.832844366584076
343,525417,28.9928009991042,29.66859329954554
344,3425956,7.058634902173183,7.214033768777447
345,3908278,664.8770125268043,680.475699201866
346,1082728,665.1231771598285,680.7218638348902
347,2550725,15.937908249745135,16.317754825717902
348,295920,2.7909300607633867,2.860171037715141
349,2933766,15.993832490980678,16.373679066953443
350,1971141,13.423430481054526,13.735991249047578
351,671123,9.806372205561756,10.042243558255038
352,3205769,9.331605855796095,9.545108467743587
353,3491799,17.8243677020308,18.24401093202856
354,1251594,100.69684233749092,103.06001411576321
355,3085958,10.312257092581811,10.548128445275092
356,1630137,12.136964656659082,12.413437749195268
357,2158177,20.971331597778143,21.463210158843697
358,2530493,10.325860688372273,10.561732041065552
359,1501604,1009.4044490682196,1033.0808336306316
360,1957718,16.93354614946005,17.335416527224087
361,1206890,5.324866900396579,5.444871576473142
362,1198830,31.51939950635221,32.26599479430123
363,2144992,5.001069127842867,5.1242570728156505
364,1847122,227.84447898908851,233.18290695204638
365,3066336,10.278067133330204,10.513938486023482
366,3439942,5.161324744821209,5.284512689793991
367,2914184,18.003283151723032,18.4229263817208
368,1767737,179.52412315040192,183.7284872105144
369,3024662,5.19099351936462,5.323571125874925
370,1807991,20.694092008046606,21.18597056911216
371,1470969,8.856880114453912,9.076046140912364
372,626128,31.814246978765613,32.56084226671462
373,724096,31.82968394105425,32.57627922900328
374,212597,17.62563066325529,18.045273893253054
375,3483249,10.73260068529425,10.96847203798753
376,3312713,31.72225648928935,32.46885177723837
377,816799,87.90312435951384,89.96625727759775
378,3391841,3.627793512549744,3.6970344895014975
379,3831851,1009.2487379444252,1032.925122506837
380,750884,31.3640861088322,32.110681396781224
381,1167991,8.452358163873834,8.66342771175098
382,3022936,18.057256743212925,18.47689997321069
383,2547561,31.798918729899622,32.54551401784864
384,1601792,56.50456995404802,57.832851894854315
385,1328140,109.67804934063422,112.25182684337469
386,3038102,100.61748102237829,102.98065280065056
387,814702,31.81681273364556,32.563408021594576
388,1283300,20.461989237526094,20.953867798591656
389,2768375,31.779695778550874,32.526291066499894
390,272685,37.48518704654273,38.36029759208076
391,2578420,18.24749942177451,18.66714265177228
392,3236723,31.651355407034664,32.397950694983685
393,2196127,31.74867368949128,32.495268977440304
394,1075509,31.818683112282834,32.565278400231854
395,2446863,31.94779731815156,32.69439260610058
396,1763585,664.9160051907993,680.5146918658611
397,967119,18.37044433738153,18.790087567379306
398,1224861,31.771760672043534,32.518355959992554
399,1635148,56.49496174709343,57.823243687899726
400,3904778,109.81645995574073,112.39111764927496
401,3924617,66.20323664187666,67.76016253279751
402,2104535,32.26960539379338,33.0162006817424
403,2652037,438.155491263533,448.43235703015165
404,2675833,31.438498992504663,32.18509428045368
405,872365,9.870123820588242,10.105995173281523
406,3441402,56.6243988005692,57.9526807413755
407,2038780,665.0497849781513,680.6484716532129
408,3952486,6.659435218972543,6.814834085576805
409,552051,17.889077716566923,18.30872094656469
410,495581,100.6733837801119,103.0365555583842
411,3508144,10.027668712848962,10.263540065542244
412,2505665,17.604571248400664,18.02421447839843
413,927942,31.703754947490445,32.450350235439466
414,3503867,31.883079531878014,32.62967481982703
415,1867356,56.45764859186529,57.78593053267159
416,675354,100.58488225523487,102.94805403350716
417,1317408,665.3206002628663,680.9192869379282
418,3141428,1010.0419228558667,1033.7183074182788
419,652056,18.002678340035978,18.422321570033738
420,3172360,4.919174095745599,5.0391787718221615
421,1780478,18.089485974110858,18.509129204108625
422,2436001,56.6276511697828,57.955933110589115
423,1251241,10.245232802728477,10.481104155421756
424,1831356,100.82784997762737,103.19102175589964
425,1393228,10.13471971291366,10.37059106560694
426,2428622,17.81628314037836,18.23592637037613
427,1600253,56.6510528815036,57.9793348223099
428,2879937,31.950040427030483,32.6966357149795
429,3507967,3.2896365858235086,3.3588775627752634
430,1138896,17.928539403756698,18.34818263375447
431,980592,37.52318321521029,38.39829376074832
432,1144233,7.105591956983598,7.260990823587861
433,3499409,1009.4389200347987,1033.1153045972108
434,3807482,10.302605695732089,10.538477048425367
435,1631718,10.386720603343141,10.62259195603642
436,3834365,56.44964891487889,57.777930855685206
437,3522026,9.90727072564342,10.143142078336703
438,1717233,23.509362265845603,24.06544509978664
439,2125684,17.990078817285248,18.40972204728301
440,964404,31.987352974987374,32.733948262936394
441,3101963,10.00465190393077,10.240523256624051
442,1090625,17.939522738004662,18.35916596800243
443,2236520,664.982762554152,680.5814492292137
444,3148684,11.752570214078185,12.029043306614373
445,3211411,18.03854749816205,18.458190728159817
446,451430,1009.5654207695783,1033.2418053319902
447,2045415,665.0202976340147,680.6189843090766
448,2286387,1009.9115925488096,1033.5879771112216
449,2690626,31.64940214267737,32.395997430626394
450,2648331,17.618400322226687,18.03804355222445
451,2059596,8.997085052840546,9.210587664788044
452,195192,2.4914200583160624,2.5606610352678167
453,3906948,1.0103967974379946,1.036037552659833
454,1734198,8.761004225184099,8.974506837131592
455,1236181,56.638968824508076,57.96725076531439
456,3454343,10.257425232286364,10.493296584979642
457,1022775,31.26457008229061,32.01116537023963
458,1992263,31.76531635855466,32.51191164650368
459,3364755,179.34654834091486,183.55091240102738
460,394043,3.7073670359993214,3.794712996216873
461,2935896,665.5773479933525,681.1760346684142
462,2578263,31.53823195682297,32.284827244772
463,3082171,20.83995730839317,21.331835869458725
464,3257881,100.58195478652806,102.9451265648003
465,3857481,2.7900373651591655,2.85927834211092
466,1528027,31.76858964530784,32.51518493325686
467,3881871,179.00234395780262,183.2067080179152
468,1942218,13.455188775787306,13.76774954378036
469,862737,18.11607255632708,18.535715786324847
470,2592979,18.098119396035692,18.517762626033456
471,516052,9.866632382797466,10.102503735490748
472,1438671,56.6070592181223,57.935341158928615
473,1256741,665.1559862056492,680.7546728807109
474,1295266,10.025038922232902,10.260910274926182
475,971600,12.15963759551348,12.436110688049666
476,1046151,56.29031646821167,57.61859840901797
477,1142290,118.42506146549653,121.19501806375618
478,3910182,31.988316765377,32.73491205332602
479,3335713,56.74740177916347,58.07568371996976
480,2456729,57.3109678715872,58.6392498123935
481,2764420,32.0649947784026,32.81159006635162
482,2997299,9.686756482685222,9.922627835378504
483,3025508,20.532236022466453,21.02411458353201
484,418456,17.931938276962928,18.35158150696069
485,1973086,23.86099974766193,24.41708258160297
486,1807095,31.70113955728656,32.44773484523558
487,1452979,31.414169309437078,32.160764597386105
488,3789609,31.74744835243269,32.49404364038171
489,3744870,18.297048536845328,18.716691766843095
490,2744879,665.0193444450173,680.6180311200791
491,3719516,56.67330923689104,58.00159117769734
492,3535345,4.424482516753684,4.526863782923347
493,1647111,17.651951724482373,18.071594954480137
494,310316,31.87688250997756,32.623477797926576
495,3419730,56.6558757651898,57.984157705996104
496,1753069,11.755224066958489,12.031697159494676
497,1205403,1009.6057592656821,1033.282143828094
498,2209887,2.91376060878062,2.9830015857323744
499,1587964,17.551515980044226,17.971159210041993
500,1609615,6.9940411931026425,7.1494400597069045
501,1997354,17.745159878675683,18.164803108673453
502,2609365,17.675649683379408,18.095292913377172
503,2051148,665.36066470575,680.9593513808118
504,3263750,167.2093359819176,171.11593063327314
505,1328221,32.1886826819313,32.93527796988032
506,1163501,10.003609206179325,10.239480558872604
507,3058998,665.4890799598502,681.087766634912
508,2023901,32.143478107179256,32.89007339512828
509,2802427,1009.76200958003,1033.4383941424421
510,1395825,664.8345451871563,680.4332318622182
511,1021477,56.73063304955464,58.058914990360954
512,1379966,665.0665306772545,680.6652173523163
513,1415474,18.12683220762465,18.54647543762242
514,302268,664.9642767495653,680.5629634246272
515,3702354,17.84182222248014,18.261465452477907
516,2149935,31.64989243702475,32.39648772497377
517,3457829,56.81149623118517,58.13977817199147
518,2056961,18.162394951415838,18.582038181413605
519,3789794,32.03166059274161,32.77825588069063
520,2779557,56.57861532100347,57.90689726180976
521,2210246,11.87504799694583,12.151521089482017
522,1861477,31.8146347022218,32.561229990170816
523,1860658,1009.8867112881017,1033.5630958505137
524,2477268,100.25743980307577,102.62061158134804
525,909584,56.500834180968845,57.82911612177515
526,3205371,109.69742868042,112.27120618316044
527,812993,29.629541854741827,30.323260361733052
528,3365639,1009.377083923732,1033.0534684861439
529,2281452,17.868596020085413,18.288239250083176
530,678342,14.188313128653796,14.51237694574616
531,3791596,31.939865334666518,32.686460622615535
532,370889,56.37728850306591,57.70557044387221
533,344968,18.280929849036532,18.700573079034296
534,527034,17.723806987990592,18.143450217988363
535,476944,18.000789637868337,18.420432867866108
536,1573733,23.633323136152026,24.189405970093063
537,2396141,1009.780122701951,1033.456507264363
538,2223750,6.618471924900278,6.773870791504541
539,229097,4.818360665042869,4.938365341119432
540,2043331,20.864527312472333,21.35640587353789
541,1254153,32.08930431644462,32.83589960439364
542,3223578,179.3480062151969,183.5523702753094
543,733074,17.658216627763387,18.07785985776115
544,3474809,17.70185228322629,18.12149551322405
545,2964926,31.142328297164838,31.88892358511385
546,3723831,31.81238397289444,32.558979260843465
547,1608201,6.209216859015742,6.364615725620004
548,702298,32.1250359640657,32.871631252014716
549,3487725,9.916316420613148,10.152187773306428
550,3327128,100.8325907887269,103.19576256699919
551,1844708,10.105416695145346,10.341288047838628
552,1674933,23.492694949939537,24.048777783880578
553,3910454,31.78690166328678,32.5334969512358
554,2058283,31.538933077671214,32.28552836562024
555,1598582,32.05063410946256,32.79722939741158
556,2212099,32.00263205916349,32.749227347112516
557,1992736,1009.8925116122656,1033.5688961746775
558,3108320,1009.9101490343013,1033.586533596713
559,3767845,56.88763671351837,58.21591865432468
560,3954427,665.4184858660992,681.0171725411611
561,2757930,72.36124274268073,74.05692177385801
562,3279797,18.39503139977312,18.814674629770888
563,725634,17.749535894547254,18.169179124545018
564,2881661,16.402859240266988,16.792781705198102
565,309361,18.007894568607753,18.427537798605524
566,1786423,4.833397397069685,4.953402073146248
567,1340515,10.194773700191448,10.430645052884726
568,3209711,2.6541356923890955,2.7233766693408503
569,3082799,665.0032969949594,680.6019836700212
570,3043844,5.135102444769216,5.258290389741998
571,2197762,5.584853612624979,5.708041557597761
572,2680728,7.009038587484376,7.164437454088639
573,2651267,109.77847915994623,112.35225666268668
574,3120156,23.215093296816157,23.771176130757198
575,1689760,7.559488389639842,7.735171269465552
576,1907271,100.84595935047881,103.20913112875108
577,1370743,31.70467673856436,32.45127202651338
578,1051419,18.024584730384113,18.44422796038188
579,1098830,18.238287440840327,18.657930670838102
580,293329,56.693001299027436,58.02128323983374
581,2757847,438.016600852472,448.2934666190907
582,1606990,6.679485471858497,6.834884338462759
583,3334420,5.8709447077543535,6.003522314264659
584,3675233,10.281274395570794,10.517145748264072
585,309413,56.5769110046639,57.90519294547021
586,2616888,664.9117367294847,680.5104234045464
587,3866063,16.30626445750895,16.686111033481716
588,743445,1009.9552527418202,1033.631637304232
589,3703714,16.283418086951677,16.66326466292444
590,1142679,11.875191387097642,12.15166447963383
591,1961731,23.371430865466326,23.927513699407374
592,975377,17.779139144455808,18.19878237445357
593,1028690,3.444505037103712,3.531850997321264
594,1715758,8.637243622362268,8.843167692990034
595,3691911,9.11588295418738,9.329385566134874
596,1033494,17.7224070616452,18.142050291642967
597,2503723,166.70216063270325,170.60875528405882
598,1435072,56.40111313370018,57.72939507450649
599,3198833,17.96762114972755,18.387264379725316
600,2862625,17.754972764693562,18.17461599469133
601,1746428,31.916263508461533,32.66285879641055
602,1408252,56.663848693741855,57.99213063454816
603,2418420,18.01978160120509,18.439424831202857
604,2430869,18.01281579052334,18.432459020521108
605,1819851,12.126156122734251,12.40262921527044
606,957434,10.083539156344733,10.319410509038011
607,481026,18.038247474198002,18.457890704195773
608,2847767,1009.4934591054936,1033.1698436679058
609,2724042,5.686103705220767,5.818681311731074
610,1192419,16.26283815892426,16.642684734897028
611,3434876,18.06048712023449,18.480130350232255
612,2018838,9.612129043478811,9.848000396172091
613,1392512,32.11497165345581,32.86156694140483
614,316324,8.630736847514612,8.844239459462106
615,3061096,31.643280926996397,32.389876214945424
616,1703133,3.8241475673364,3.915901028218834
617,3939206,665.3054430351289,680.9041297101908
618,2438172,1009.7141177680452,1033.3905023304574
619,242456,18.008270890746324,18.42791412074409
620,1112451,9.245014210099995,9.464180236558446
621,3106080,31.546918574682273,32.293513862631286
622,2686145,166.58601357664958,170.49260822800517
623,1445711,17.825499459936722,18.245142689934486
624,1750835,100.4974216266872,102.86059340495949
625,2276239,56.911116637534455,58.23939857834076
626,1361851,31.741003573812808,32.487598861761825
627,3004955,17.863786947116246,18.283430177114013
628,2789128,31.199205151731377,31.9458004396804
629,1912754,56.543453535860635,57.871735476666935
630,361955,17.826767333598976,18.246410563596747
631,3100428,31.606356751347327,32.35295203929635
632,1137407,664.9933606271331,680.5920473021949
633,2566679,17.941896790338163,18.361540020335934
634,3132978,9.871421927884684,10.107293280577963
635,1075821,11.674185873686225,11.950658966222415
636,3506382,5.687121704201221,5.810309649174004
637,546610,9.6925003144215,9.928371667114778
638,2867484,31.852524104648065,32.59911939259708
639,1436989,101.12530903822945,103.4884808165017
640,1865887,17.973964805596946,18.393608035594713
641,2982983,17.741493954237203,18.16113718423497
642,623489,9.320223530449377,9.533726142396867
643,3726357,31.932623698770126,32.67921898671915
644,2712138,17.812846827572965,18.232490057570725
645,2919078,32.20223501391342,32.94883030186244
646,2060467,9.208060104882373,9.421562716829868
647,2212012,17.844709193153587,18.264352423151358
648,3777679,101.22900021381784,103.59217199209013
649,452587,3.704007250832122,3.7913532110496737
650,3393046,665.1104465972601,680.7091332723219
651,284066,18.06855989980468,18.48820312980245
652,375254,9.060737417431298,9.274240029378793
653,558801,31.884916629048124,32.63151191699714
654,1579562,57.014097727718145,58.34237966852446
655,2702706,1009.8369583797403,1033.513342942152
656,2721918,9.854551244426537,10.090422597119817
657,1751435,66.46840398961379,68.02532988053464
658,3313262,17.33051978106502,17.75016301106279
659,1944954,4.132387449635014,4.224140910517448
660,2772925,100.538358419571,102.90153019784329
661,1708361,7.46709516370664,7.642778043532351
662,233374,1009.7597091639788,1033.4360937263907
663,2496391,664.991890768117,680.5905774431787
664,1466789,18.066403014092156,18.486046244089923
665,2243619,17.998327208829053,18.417970438826824
666,2621900,31.634579770653172,32.38117505860219
667,2112414,10.069965206782252,10.305836559475532
668,499758,17.966083314730188,18.38572654472795
669,3041314,9.715603330432288,9.951474683125566
670,365785,12.057669533100148,12.334142625636337
671,1581280,288.78488841964696,295.55558470871006
672,2946856,9.943222648081438,10.179094000774718
673,1943255,2.049796988004197,2.1013693985319315
674,3377343,5.592800026169453,5.725377632679758
675,2634318,15.873118936040536,16.252965512013304
676,747376,1009.5625466963278,1033.2389312587395
677,1901229,6.412142279122536,6.567541145726797
678,1575038,10.209574735798947,10.445446088492227
679,2536652,31.702771039654586,32.449366327603606
680,1489113,5.3984213847234805,5.521609329696262
681,2662760,11.02904292800406,11.286022974262092
682,609385,66.2408317804251,67.79775767134595
683,1612416,41.69315832518215,42.68249591924253
684,3679339,17.964956362796556,18.384599592794327
685,2484398,1009.2334160079581,1032.9098005703695
686,1961042,752.0585117200186,769.693274807143
687,819515,100.80897280590209,103.17214458417436
688,3379796,20.757417326655737,21.2492958877213
689,2931309,11.654061256550325,11.930534349086516
690,3223273,56.2247284676082,57.5530104084145
691,3906237,1.8534109006483552,1.899028858140915
692,2791236,2.619233498329136,2.6884744752808896
693,1577034,17.67424846897014,18.09389169896791
694,499154,31.92033559345357,32.666930881402585
695,1034444,5.2848317066614605,5.417409313171767
696,3549230,9.875995681159713,10.111867033852992
697,1271420,438.1951257333709,448.4719914999896
698,2747353,31.7021130791921,32.44870836714112
699,2137325,32.175988345384496,32.922583633333524
700,1769191,11.719193130295563,11.99566622283175
701,969160,17.766315885477102,18.185959115474862
702,2012340,9.931906394850607,10.167777747543887
703,2216446,17.944474265671285,18.36411749566905
704,654687,37.346881353959226,38.221991899497255
705,3313299,1009.891502416076,1033.567886978488
706,445665,56.648106962049596,57.9763889028559
707,1093664,17.76311172597964,18.182754955977412
708,2514962,9.345555731038237,9.564721757496686
709,3753232,31.80304656751489,32.54964185546391
710,964786,31.84741325723845,32.59400854518747
711,2709341,56.66641437900953,57.994696319815844
712,3672382,17.554797146496323,17.97444037649409
713,3007804,56.7206177568436,58.0488996976499
714,3115572,31.900497245679965,32.647092533628985
715,1302457,31.67738145214253,32.423976740091554
716,2134790,9.984485709653644,10.220357062346926
717,2455271,13.311562964938796,13.631933768523385
718,1747849,9.030864147156446,9.244366759103944
719,933149,665.1333307820722,680.7320174571341
720,1906805,665.0338322690418,680.6325189441035
721,1422257,57.07386179003312,58.402143730839434
722,3921194,56.94340791559451,58.271689856400826
723,2139061,10.370714437818464,10.606585790511746
724,1371156,56.5263134090361,57.854595349842405
725,3109250,12.071242673327406,12.34771576586359
726,979960,56.70149445869193,58.029776399498225
727,1740519,32.00231891812579,32.74891420607481
728,2473001,179.55939368680203,183.76375774691456
729,3160383,31.895858092360648,32.642453380309675
730,1880001,665.2427002660736,680.8413869411354
731,1379058,17.995183067140342,18.414826297138106
732,2454973,18.286598814895246,18.706242044893013
733,3847045,100.8684563278987,103.23162810617094
734,864691,18.080059155625055,18.49970238562282
735,2742964,32.04751749831853,32.794112786267554
736,620926,17.898046836507774,18.317690066505538
737,3780107,31.884208238368537,32.63080352631756
738,1313337,27.00259931836136,27.63502489249433
739,2852684,664.9080063414358,680.5066930164977
740,275979,9.214596969986452,9.428099581933946
741,3675598,100.78293057875332,103.14610235702558
742,740589,37.252202585251055,38.12731313078909
743,1155979,17.875161490603684,18.294804720601448
744,2862103,10.408012270168166,10.643883622861447
745,2200009,31.969037818517737,32.71563310646676
746,1207995,18.19127881085744,18.610922040855204
747,206813,179.62696564894944,183.83132970906198
748,2181095,31.46214508048029,32.208740368429304
749,813353,16.018684994458376,16.398531570431143
750,2116482,37.63146176450132,38.50657231003935
751,1098109,724.9514554341267,741.9461060245886
752,2215630,32.54030615809789,33.28690144604691
753,2505799,319.3422980755357,326.8223625010212
754,2210153,17.984882734832027,18.404525964829798
755,444774,17.757521313348473,18.177164543346237
756,272346,5.242299752859066,5.365487697831847
757,2672951,56.66521771518665,57.99349965599296
758,3938897,31.871398118272463,32.61799340622148
759,3751343,664.9296307492954,680.5283174243572
760,2812556,31.822290510350665,32.56888579829968
761,1418225,32.093684415158656,32.84027970310768
762,2229373,6.9772100663201915,7.1326089329244535
763,1521367,57.16839400620136,58.496675947007674
764,1172273,16.339269221671085,16.719115797643852
765,2201304,21.07385345483004,21.565732015895602
766,1715250,23.633340200756894,24.189423034697942
767,2872936,56.553031364097656,57.88131330490396
768,757314,10.141632177534566,10.377503530227846
769,689916,15.726865942676847,16.106712518649616
770,3314677,56.519707039531355,57.84798898033766
771,809479,1.496339772526124,1.531567624130151
772,3232791,9.804583240571858,10.04045459326514
773,1973486,23.832149804473463,24.388232638414504
774,680437,6.455417593200577,6.610816459804841
775,1211790,31.849467141871013,32.59606242982003
776,806209,1009.4661032069317,1033.1424877693435
777,1592769,17.912931583079235,18.332574813077
778,1722127,1.0248420443260726,1.0530805926078322
779,892852,1009.887701201887,1033.564085764299
780,1518553,31.87709962559463,32.62369491354365
781,753642,31.96811863657861,32.71471392452763
782,226652,17.929970561460873,18.349613791458644
783,3916323,31.66074405377071,32.407339341719734
784,3339390,1009.8306351832176,1033.5070197456296
785,2025318,31.683456492293786,32.43005178024281
786,2182997,3.9825532232102336,4.069899183427786
787,1848878,10.120500916176717,10.35637226887
788,2670298,1.7364017248560195,1.7753204103677611
789,3847415,100.65922946370571,103.02240124197796
790,2055827,2.8697385751682982,2.938979552120053
791,1372490,318.93421297953205,326.4142774050175
792,1494529,18.38297115272196,18.802614382719728
793,3931904,16.326270805931696,16.706117381904463
794,393318,51.23460917351664,52.43692416652729
795,341028,166.63718089393439,170.5437755452899
796,3056949,179.30356730613556,183.5079313662481
797,3530363,166.59878450899004,170.5053791603456
798,3920205,9.324068462999225,9.537571074946717
799,1325288,20.913442156596197,21.405320717661755
800,2412090,10.049482068330644,10.285353421023926
801,2855798,31.9007981102072,32.64739339815622
802,3946303,178.89590397497216,183.1002680350847
803,597036,56.51923523654738,57.84751717735368
804,2961465,10.120166397881423,10.356037750574703
805,2685201,56.486833068241424,57.815115009047716
806,1692902,752.0052454645199,769.6400085516444
807,1448363,18.40050104935453,18.8201442793523
808,1449567,6.448751642855557,6.60415050945982
809,1607826,21.010745628027173,21.502624189092728
810,672792,5.475370282574535,5.607947889084841
811,3957144,37.40506947583349,38.28018002137152
812,3136315,9.945713234213525,10.181584586906807
813,3526697,9.670773527943167,9.906644880636447
814,1374575,665.0468339724049,680.6455206474667
815,3307257,23.743842174709396,24.286201834335852
816,3322123,17.562095311946493,17.98173854194426
817,2904135,110.06072822356695,112.63450572630741
818,3508206,17.829726255425822,18.249369485423586
819,1345147,31.81341961799909,32.560014905948115
820,702687,10.489248283826793,10.725119636520072
821,3394702,32.009985641624986,32.756580929574014
822,224979,56.98562767640292,58.31390961720923
823,2545581,32.28798757787209,33.03458286582111
824,1858512,18.13407449441339,18.55371772441116
825,1360702,31.648746109641504,32.39534139759052
826,3690673,20.782502379225658,21.274380940291213
827,1504028,1009.7751011726256,1033.4514857350377
828,1255915,31.936638196378546,32.683233484327566
829,2722589,10.248259762108487,10.484131114801768
830,465377,31.47512425943592,32.221719547384936
831,563166,9.796169259465852,10.032040612159133
832,3548420,10.31373900072678,10.54961035342006
833,1565430,17.956748967581234,18.376392197579
834,1197940,17.844938217407524,18.264581447405288
835,3849711,20.884685061605165,21.376563622670727
836,3841292,28.88744290020658,29.563235200647927
837,3936346,9.918307775416745,10.150917248623196
838,281185,318.95235279854734,326.4324172240328
839,3532109,31.376212520420843,32.122807808369856
840,515962,56.59488546468232,57.92316740548861
841,683857,100.75479516210352,103.11796694037581
842,2795335,56.249601995084326,57.57788393589064
843,2706101,31.79682962772933,32.543424915678344
844,1304888,31.547656175871907,32.29425146382092
845,1939670,422.73545431199983,432.64752991919516
846,3919050,6.908546344429961,7.063945211034224
847,529210,31.872541823781738,32.619137111730765
848,715692,9.999932100930113,10.235803453623395
849,1690902,23.32833088747222,23.88441372141326
850,3739420,32.005288847749036,32.75188413569805
851,2731164,17.5949897516927,18.01463298169047
852,2193507,5.349043397039552,5.472231342012334
853,1625937,665.1122823005745,680.7109689756362
854,1907556,5.984164179886964,6.107352124859744
855,619690,17.857973205716682,18.277616435714453
856,418725,18.07173923399252,18.491382463990284
857,1056137,9.96275590127809,10.198627253971368
858,3257435,20.987005905340126,21.47888446640568
859,2927385,5.550032174639076,5.670036850715638
860,2508487,56.42684786085748,57.75512980166378
861,590117,5.56789081489212,5.700468421402426
862,3499450,17.88462979041605,18.30427302041382
863,267097,31.79954021473824,32.546135502687264
864,3945852,567.6102196171374,580.9181451462878
865,2759469,56.64386375124405,57.972145692050354
866,2011647,32.014775201374924,32.761370489323944
867,1864147,11.770501568269214,12.046974660805404
868,3273397,17.83478604965652,18.25442927965429
869,2147786,5.2243778501468325,5.344382526223394
870,1968276,23.86669872547073,24.422781559411767
871,713797,56.487102116212476,57.81538405701878
872,1089432,5.7078324537117195,5.840410060222026
873,3048002,665.3803186862102,680.979005361272
874,3344668,31.798046516664247,32.54464180461326
875,2987597,56.4830714875595,57.81135342836581
876,1540856,16.815530244237202,17.205452709168316
877,3327923,17.840817429182433,18.260460659180204
878,2459706,56.777400904724786,58.10568284553109
879,2455620,23.60787535031837,24.16395818425941
880,1097254,20.774485651121093,21.266364212186648
881,1782482,2.9990557715245583,3.068296748476312
882,1565691,19.59259046944452,20.049788579453786
883,3472898,1009.7752176679603,1033.4516022303724
884,3447411,56.90806566465222,58.236347605458526
885,2901941,31.887185690734764,32.63378097868378
886,1732696,56.458376853210105,57.78665879401642
887,3440269,665.3905011734731,680.9891878485348
888,3756294,56.67793016610518,58.00621210691149
889,1389410,1009.5178205097012,1033.1942050721132
890,2430623,31.723113654874343,32.46970894282336
891,2886146,20.77733390676346,21.269212467829014
892,3866428,11.892929619087939,12.169402711624127
893,2822876,5.60112589315986,5.733703499670166
894,3909098,10.099112962717104,10.334984315410383
895,1164806,665.1595461998024,680.7582328748642
896,3861890,6.431724092742611,6.587122959346874
897,893102,56.59039737580608,57.91867931661238
898,1599703,31.996972631124844,32.74356791907386
899,1745241,17.80023149762885,18.21987472762661
900,2051489,20.599959706166953,21.09183826723251
901,1137753,34.7062401018144,35.519649994293616
902,2936850,37.193929135577505,38.069039681115534
903,2888929,31.69742920079191,32.44402448874092
904,1606245,18.153935856481358,18.573579086479125
905,2199183,32.2100677376663,32.95666302561532
906,2722022,18.027177431639934,18.4468206616377
907,1899893,6.414597287914367,6.569996154518631
908,1838190,18.186699290042668,18.60634252004043
909,1013128,9.73220973666318,9.968081089356463
910,260461,16.19691905114809,16.576765627120857
911,1648255,18.08087606594729,18.50051929594505
912,3487582,17.806060065434238,18.225703295432012
913,2642604,9.971531963556199,10.207403316249481
914,3868740,9.532333706855352,9.745836318802846
915,1638129,5.577274187995104,5.709851794505409
916,3125904,1009.7919317778089,1033.468316340221
917,3700619,31.564745761124517,32.311341049073526
918,3401204,10.49953255706532,10.7354039097586
919,470456,18.266640401689912,18.68628363168768
920,2122627,10.121830071683267,10.357701424376547
921,1193847,6.990637632781482,7.146036499385744
922,2396513,56.724789198844654,58.05307113965097
923,506068,2.7062161706706487,2.7754571476224035
924,594825,18.20992651141966,18.629569741417424
925,496929,10.16399797378611,10.39986932647939
926,339487,3.1355639662651846,3.203015704437745
927,3855536,11.79455859704514,12.071031689581327
928,2105872,9.90484347750472,10.140714830198
929,1960144,23.741113896403288,24.29719673034433
930,2756898,17.949306534631592,18.36894976462936
931,3473806,56.30603170765674,57.634313648463056
932,388924,31.87889382781705,32.625489115766065
933,998947,56.92722101730932,58.255502958115635
934,621774,3.222941400186898,3.290393138359459
935,3781681,32.07626009596764,32.82285538391666
936,3406805,32.16642821140953,32.91302349935855
937,2158552,10.195782690482597,10.431654043175877
938,1327256,5.548029672979132,5.671217617951914
939,2284522,10.204385237245301,10.44025658993858
940,1649130,10.23286211672807,10.46873346942135
941,3199765,31.83768866975263,32.58428395770165
942,3157947,9.634946407419994,9.84844901936749
943,1819439,1.1786930628564696,1.2043338180783083
944,841635,17.50621677648929,17.925860006487056
945,2826024,11.389121455763874,11.665594548300064
946,2453662,31.88510705435578,32.631702342304806
947,1030184,6.793076586282497,6.94847545288676
948,1116134,4.302271980158556,4.397434740031082
949,2047078,18.285093793577612,18.704737023575387
950,3035566,23.465625018384447,24.021707852325488
951,3438683,11.915684616690648,12.192157709226835
952,2982758,56.483969781056004,57.81225172186232
953,2447570,18.179829249795624,18.59947247979339
954,1381947,29.025819868724852,29.701612169166197
955,3259598,32.10713482099139,32.853730108940404
956,3872871,179.21076498734203,183.41512904745454
957,2927982,56.931585523308755,58.25986746411507
958,3847544,20.88085159129539,21.372730152360944
959,1942650,7.368753121393219,7.544436001218929
960,1334996,31.91835342015807,32.66494870810709
961,1471833,3.630141265947342,3.7174872261648937
962,2586734,31.806067224296125,32.55266251224515
963,2025311,31.97574312050601,32.72233840845504
964,2639961,5.112010596994232,5.233665537950389
965,2225047,31.85184109801609,32.59843638596511
966,356106,5.495406382299733,5.627983988810039
967,1267642,209.9718717529013,214.89995445804803
968,2740428,56.40630205540411,57.734583996210425
969,3880493,117.966389239837,120.73634583809664
970,1193912,10.20287641564555,10.43874776833883
971,1004748,9.919881379687595,10.155752732380877
972,1596624,664.9436825905469,680.5423692656087
973,3090489,664.9341305697367,680.5328172447984
974,2154701,100.48599934003248,102.84917111830477
975,476319,17.664196920134547,18.083840150132318
976,386631,17.79221899639018,18.21186222638795
977,291735,56.8345417573673,58.1628236981736
978,1729853,319.21949559284457,326.6995600183301
979,3094150,17.707019306740392,18.126662536738163
980,1226439,13.690037902878773,14.014101719971135
981,1586140,31.504157658108767,32.25075294605779
982,3807652,17.89928921583439,18.31893244583216
983,1946809,1.9098200212092609,1.9565015882006451
984,3721902,12.900649516356404,13.203917614330456
985,1984603,23.88783948110581,24.443922315046848
986,3309270,1009.7781417723708,1033.454526334783
987,1328810,10.167057036685696,10.402928389378976
988,3363100,17.948726449871966,18.368369679869737
989,1244791,10.063111884686224,10.298983237379504
990,2185559,31.463051510275985,32.209646798225
991,2878884,18.092225728977986,18.51186895897575
992,484587,16.480449100044318,16.860295676017085
993,3852612,5.192388723550867,5.315576668523648
994,1592921,664.8349249777448,680.4336116528065
995,2516489,100.82466532791359,103.18783710618588
996,3044057,31.729289198892747,32.475884486841764
997,3672032,100.57407866219171,102.93725044046398
998,1419794,2.8160093887927737,2.8834611269653347
999,3136811,11.955198754178882,12.231671846715065
